{
    "type": "patient",
    "model": "UvaPadova_T1DMS",
    "version": "2.1.0",
    "created": "2025-08-22T06:12:17.727Z",
    "description": "Created from simglucose adolescent#003 patient parameters",
    "parameters": {
        "name": "adolescent#003",
        "Gpeq": 145.9,
        "BW": 44.791,
        "CR": 10,
        "VG": 2.2382,
        "k1": 0.10004,
        "k2": 0.080467,
        "VI": 0.034438,
        "m1": 0.10962,
        "m2": 0.414654673732,
        "m4": 0.165861869493,
        "HEeq": 0.6,
        "kmax": 0.046773,
        "kmin": 0.0066262,
        "kabs": 0.046752,
        "kgri": 0.046773,
        "bmeal": 0.56424,
        "cmeal": 0.14423,
        "f": 0.9,
        "kp1": 6.58878876028,
        "kp2": 0.0060918,
        "kp3": 0.017571,
        "kp4": 0.065784,
        "ki": 0.0094229,
        "Fcns": 1,
        "Vm0": 2.84798631515,
        "Vmx": 0.060762,
        "Km0": 216.57,
        "p2u": 0.065784,
        "ke1": 0.0005,
        "ke2": 339,
        "ka1": 0.003,
        "ka2": 0.0148,
        "kd": 0.0149,
        "Td": 10,
        "kGSRs": 0.1059,
        "rho": 0.5,
        "delta": 0.1,
        "kh1": 0.02,
        "kh2": 0.02,
        "kh3": 0.2,
        "kxi": 0.01,
        "Hb": 60,
        "kh": 0.1,
        "nH": 0.2,
        "ralpha": 1.084,
        "rbeta": 5.381,
        "rgamma": 1.509
    }
}