{
    "type": "patient",
    "model": "UvaPadova_T1DMS",
    "version": "2.1.0",
    "created": "2025-09-30T00:00:00.000Z",
    "description": "Created from simglucose adult#007 patient parameters",
    "parameters": {
        "name": "adult#007",
        "Gpeq": 115.06,
        "BW": 46.064,
        "CR": 18.14,
        "VG": 1.9081,
        "k1": 0.096549,
        "k2": 0.10831,
        "VI": 0.051642,
        "m1": 0.13171,
        "m2": 0.45928,
        "m4": 0.18371,
        "HEeq": 0.6,
        "kmax": 0.034304,
        "kmin": 0.01927,
        "kabs": 0.22237,
        "kgri": 0.034304,
        "bmeal": 0.75279,
        "cmeal": 0.12288,
        "f": 0.9,
        "kp1": 3.1063,
        "kp2": 0.0017557,
        "kp3": 0.0045335,
        "kp4": 0.066322,
        "ki": 0.023453,
        "Fcns": 1.0,
        "Vm0": 2.4056,
        "Vmx": 0.10839,
        "Km0": 184.69,
        "p2u": 0.066322,
        "ke1": 0.0005,
        "ke2": 339.0,
        "ka1": 0.0036527,
        "ka2": 0.020457,
        "kd": 0.014221,
        "Td": 10,
        "kGSRs": 0.092301,
        "rho": 0.5,
        "delta": 0.1,
        "kh1": 0.02,
        "kh2": 0.02,
        "kh3": 0.2,
        "kxi": 0.01,
        "Hb": 60,
        "kh": 0.1,
        "nH": 0.2,
        "ralpha": 1.084,
        "rbeta": 5.381,
        "rgamma": 1.509
    }
}