{"BW": 41.47588397290598, "EGPb": 3.2278512518883016, "Gb": 122.50976969609414, "Ib": 96.9395956237015, "kabs": 0.050504854278961384, "kmax": 0.029305263996967187, "kmin": 0.008615564812065366, "b": 0.6201010322891498, "f": 0.9, "d": 0.19668725096024076, "Vg": 1.6651042425523555, "Vi": 0.035909451499189136, "Gpb": 203.99153727507834, "Ipb": 3.4810477074003168, "Vmx": 0.030628177244336446, "Km0": 224.72307736119373, "Vm0": 5.190251616927836, "r1": 0.8330903905221582, "r2": 3.6995797490232105, "r3": 1.4656978129639389, "k1": 0.07689874911360402, "k2": 0.0796374982918808, "Fsnc": 1.0, "Gtb": 169.00132579501818, "p2u": 0.043689517109990375, "m1": 0.1242653766258904, "m30": 0.1863980649388356, "m4": 0.20510749815401758, "m2": 0.5127687453850439, "m5": 0.0107620878734488, "CL": 0.7637055879965651, "HEb": 0.6, "Ilb": 5.745679171513488, "ki": 0.016968444402879274, "kp1": 4.830736636878612, "kp2": 0.003919608150222575, "kp3": 0.008286794345922275, "ke1": 0.0005, "ke2": 339.0, "ksc": 0.1441075176904464, "kd": 0.015464552051307071, "ka1": 0.0017587934034037065, "ka2": 0.008159922657646408, "dosekempt": 30000.0, "u2ss": 1.784972465549144, "ueq": [0.0, 1.784972465549144], "x0": [0.0, 0.0, 0.0, 203.99153727507834, 169.00132579501818, 3.4810477074003168, 0.0, 96.9395956237015, 96.9395956237015, 5.745679171513488, 103.63680332852721, 196.4107757814648, 122.50976969609414, 60.85437864595579, 0.0, 7.91386371952703, 0.0, 0.0], "xeq": [0.0, 0.0, 0.0, 203.99153727507834, 169.00132579501818, 3.4810477074003168, 0.0, 96.9395956237015, 96.9395956237015, 5.745679171513488, 103.63680332852721, 196.4107757814648, 122.50976969609414, 60.85437864595579, 0.0, 7.91386371952703, 0.0, 0.0], "isc1ss": 103.63680332852721, "isc2ss": 196.4107757814648, "Gnb": 60.85437864595579, "Gth": 122.50976969609414, "k01g": 0.1300459210268013, "alfaG": 0.47101124547375417, "kGSRs": 0.25573665720921923, "kGSRd": 0.1645784385881288, "Ith": 96.9395956237015, "kXGn": 0.11930617987967555, "kcounter": 0.005563033542147052, "SQgluc_k1": 0.012713183383670699, "SQgluc_k2": 0.015261138988209546, "SQgluc_kc1": 0.18364687796778073, "SQgluc_Vgcn": 38.5, "CR": 10.3515625, "CF": 48.35497257183036, "TDI": 43.0, "AGE": 17.0, "t1dm_dur": 16.0, "names": "adolescent#004"}