{"BW": 52.577315812666214, "EGPb": 3.5670073557405946, "Gb": 119.4453031195343, "Ib": 96.6688108648202, "kabs": 0.32794623853285937, "kmax": 0.030445434276892357, "kmin": 0.013378687158154759, "b": 0.8580666430782133, "f": 0.9, "d": 0.07488784459268624, "Vg": 1.8237401859742055, "Vi": 0.07099431683711187, "Gpb": 217.83719932496484, "Ipb": 6.862936186803887, "Vmx": 0.05313538111803061, "Km0": 234.62504406174432, "Vm0": 5.2115961566461895, "r1": 0.8377347046174102, "r2": 3.7102044183120575, "r3": 1.4568145820932195, "k1": 0.10332359333126785, "k2": 0.08755831537004896, "Fsnc": 1.0, "Gtb": 227.7421025685417, "p2u": 0.059300020316842755, "m1": 0.14803370737643848, "m30": 0.2220505610646577, "m4": 0.07387320244146942, "m2": 0.18468300610367355, "m5": 0.055494710303210286, "CL": 0.6893645240485806, "HEb": 0.6, "Ilb": 3.4248083308581885, "ki": 0.005437237875476519, "kp1": 6.904804177004981, "kp2": 0.005766103616524274, "kp3": 0.021534608109892148, "ke1": 0.0005, "ke2": 339.0, "ksc": 0.08956266738077895, "kd": 0.0192013301938307, "ka1": 0.0028916488032764334, "ka2": 0.011580686463225482, "dosekempt": 30000.0, "u2ss": 1.2674676856766245, "ueq": [0.0, 1.2674676856766245], "x0": [0.0, 0.0, 0.0, 217.83719932496484, 227.7421025685417, 6.862936186803887, 0.0, 96.6688108648202, 96.6688108648202, 3.4248083308581885, 57.36970491134706, 95.12170548986543, 119.4453031195343, 36.43147533543885, 0.0, 5.778528411212675, 0.0, 0.0], "xeq": [0.0, 0.0, 0.0, 217.83719932496484, 227.7421025685417, 6.862936186803887, 0.0, 96.6688108648202, 96.6688108648202, 3.4248083308581885, 57.36970491134706, 95.12170548986543, 119.4453031195343, 36.43147533543885, 0.0, 5.778528411212675, 0.0, 0.0], "isc1ss": 57.36970491134706, "isc2ss": 95.12170548986543, "Gnb": 36.43147533543885, "Gth": 119.4453031195343, "k01g": 0.1586136262121559, "alfaG": 0.45561951542838125, "kGSRs": 0.8132821476773515, "kGSRd": 0.5326152143426617, "Ith": 96.6688108648202, "kXGn": 0.11008868264844582, "kcounter": 0.005665642609439764, "SQgluc_k1": 0.01104391901068736, "SQgluc_k2": 0.022864414449388845, "SQgluc_kc1": 0.1601846816357274, "SQgluc_Vgcn": 38.5, "CR": 24.37890625, "CF": 72.72091418971578, "TDI": 26.0, "AGE": 17.0, "t1dm_dur": 3.0, "names": "adolescent#006"}