{"BW": 59.3406062023206, "EGPb": 2.3838118858822637, "Gb": 117.7106400964208, "Ib": 78.56856870140089, "kabs": 0.137267558913315, "kmax": 0.04373519229150283, "kmin": 0.011315891678403373, "b": 0.7873040976054986, "f": 0.9, "d": 0.1181196565924883, "Vg": 1.8304718354990375, "Vi": 0.0637817637908201, "Gpb": 215.46601143506197, "Ipb": 5.011241890295572, "Vmx": 0.022604996648144263, "Km0": 216.2535781961289, "Vm0": 2.6412314021109924, "r1": 0.8101352698628483, "r2": 3.5445495057309353, "r3": 1.4792575793395566, "k1": 0.1277019712343236, "k2": 0.10980097937169317, "Fsnc": 1.0, "Gtb": 237.99079623791795, "p2u": 0.061744381152472265, "m1": 0.08075936333259147, "m30": 0.1211390449988872, "m4": 0.07130310517248438, "m2": 0.17825776293121093, "m5": 0.01055826007014679, "CL": 0.6746786316348533, "HEb": 0.6, "Ilb": 4.424466622860371, "ki": 0.01879023101610876, "kp1": 3.3421414957851754, "kp2": 0.0023828133988977474, "kp3": 0.005662751889235545, "ke1": 0.0005, "ke2": 339.0, "ksc": 0.07126017787172892, "kd": 0.018071157773233548, "ka1": 0.0029733171893744537, "ka2": 0.01320205142519552, "dosekempt": 30000.0, "u2ss": 0.8932927688712615, "ueq": [0.0, 0.8932927688712615], "x0": [0.0, 0.0, 0.0, 215.46601143506197, 237.99079623791795, 5.011241890295572, 0.0, 78.56856870140089, 78.56856870140089, 4.424466622860371, 42.44785248662519, 58.10323068101421, 117.7106400964208, 52.98030239518383, 0.0, 5.07576961267884, 0.0, 0.0], "xeq": [0.0, 0.0, 0.0, 215.46601143506197, 237.99079623791795, 5.011241890295572, 0.0, 78.56856870140089, 78.56856870140089, 4.424466622860371, 42.44785248662519, 58.10323068101421, 117.7106400964208, 52.98030239518383, 0.0, 5.07576961267884, 0.0, 0.0], "isc1ss": 42.44785248662519, "isc2ss": 58.10323068101421, "Gnb": 52.98030239518383, "Gth": 117.7106400964208, "k01g": 0.09580484412524329, "alfaG": 0.5357647346946474, "kGSRs": 0.36062713014962267, "kGSRd": 0.2024586713641583, "Ith": 78.56856870140089, "kXGn": 0.11502928021402695, "kcounter": 0.008430617667400555, "SQgluc_k1": 0.006121672463382944, "SQgluc_k2": 0.04988860761681629, "SQgluc_kc1": 0.2096327426861535, "SQgluc_Vgcn": 38.5, "CR": 10.3515625, "CF": 56.45828383400627, "TDI": 36.0, "AGE": 19.0, "t1dm_dur": 11.0, "names": "adolescent#005"}