{"BW": 48.76962234276848, "EGPb": 2.9564380170333857, "Gb": 118.12305370561263, "Ib": 108.44966048527175, "kabs": 0.23411301929488615, "kmax": 0.041795850213479584, "kmin": 0.012829684076619361, "b": 0.770873627964631, "f": 0.9, "d": 0.14623573761451866, "Vg": 1.835389751605594, "Vi": 0.050274929710978966, "Gpb": 216.8018421996386, "Ipb": 5.45229905807657, "Vmx": 0.041014385341646115, "Km0": 223.97797530146622, "Vm0": 4.294342651013228, "r1": 0.8136478376310038, "r2": 3.566177196182919, "r3": 1.4432658286264008, "k1": 0.08704810497548589, "k2": 0.0902498898656934, "Fsnc": 1.0, "Gtb": 187.43237833101944, "p2u": 0.050707318650962396, "m1": 0.21347592252413097, "m30": 0.3202138837861965, "m4": 0.12105936009817704, "m2": 0.3026484002454426, "m5": 0.02707314335719085, "CL": 0.7420603849115452, "HEb": 0.6, "Ilb": 3.0919263738515137, "ki": 0.010027105623776945, "kp1": 5.4806889479617205, "kp2": 0.004828955821261825, "kp3": 0.013622213351038883, "ke1": 0.0005, "ke2": 339.0, "ksc": 0.10401763957350361, "kd": 0.01679463174424422, "ka1": 0.003844738422564228, "ka2": 0.017587371279155, "dosekempt": 30000.0, "u2ss": 1.6501295875866075, "ueq": [0.0, 1.6501295875866075], "x0": [0.0, 0.0, 0.0, 216.8018421996386, 187.43237833101944, 5.45229905807657, 0.0, 108.44966048527175, 108.44966048527175, 3.0919263738515137, 79.950578639279, 76.34685733719509, 118.12305370561263, 55.44028628763807, 0.0, 7.526850159467199, 0.0, 0.0], "xeq": [0.0, 0.0, 0.0, 216.8018421996386, 187.43237833101944, 5.45229905807657, 0.0, 108.44966048527175, 108.44966048527175, 3.0919263738515137, 79.950578639279, 76.34685733719509, 118.12305370561263, 55.44028628763807, 0.0, 7.526850159467199, 0.0, 0.0], "isc1ss": 79.950578639279, "isc2ss": 76.34685733719509, "Gnb": 55.44028628763807, "Gth": 118.12305370561263, "k01g": 0.13576499443772744, "alfaG": 0.4950491593716474, "kGSRs": 0.5003870122529522, "kGSRd": 0.31090984688074064, "Ith": 108.44966048527175, "kXGn": 0.09821376861150595, "kcounter": 0.008311106737740118, "SQgluc_k1": 0.010175219249736297, "SQgluc_k2": 0.025740233638256733, "SQgluc_kc1": 0.11923010470355119, "SQgluc_Vgcn": 38.5, "CR": 15.962801905040198, "CF": 55.51835812272289, "TDI": 30.327756830146292, "AGE": 15.96, "t1dm_dur": 8.44, "names": "adolescent#average"}