{"BW": 49.35752236853232, "EGPb": 2.9469380272957464, "Gb": 116.75127370162447, "Ib": 109.32438004974706, "kabs": 0.12028474795848351, "kmax": 0.05685492098910809, "kmin": 0.012191519902107201, "b": 0.7814442235292798, "f": 0.9, "d": 0.10109240314359681, "Vg": 1.9026216669373257, "Vi": 0.048485330299725835, "Gpb": 222.13350298724072, "Ipb": 5.3006286765247435, "Vmx": 0.034044460986613026, "Km0": 211.50949540573728, "Vm0": 3.011387300640975, "r1": 0.8259512651969396, "r2": 3.6280542446596122, "r3": 1.5268223910411551, "k1": 0.07655381208151765, "k2": 0.038923945297616155, "Fsnc": 1.0, "Gtb": 386.862850162338, "p2u": 0.02851353427989994, "m1": 0.2131680988830469, "m30": 0.31975214832457033, "m4": 0.1282531329248833, "m2": 0.3206328323122082, "m5": 0.015618283266893641, "CL": 0.7673114889297643, "HEb": 0.6, "Ilb": 3.1891368258097357, "ki": 0.009846062291735416, "kp1": 5.4935453087891135, "kp2": 0.004529226926379327, "kp3": 0.014091223181980052, "ke1": 0.0005, "ke2": 339.0, "ksc": 0.06015933174463688, "kd": 0.018070131115775167, "ka1": 0.005094262934206431, "ka2": 0.022796418560218995, "dosekempt": 30000.0, "u2ss": 1.6995555855894398, "ueq": [0.0, 1.6995555855894398], "x0": [0.0, 0.0, 0.0, 222.13350298724072, 386.862850162338, 5.3006286765247435, 0.0, 109.32438004974706, 109.32438004974706, 3.1891368258097357, 73.3693090318842, 58.15795277568541, 116.75127370162447, 82.54177072948622, 0.0, 9.172408532928948, 0.0, 0.0], "xeq": [0.0, 0.0, 0.0, 222.13350298724072, 386.862850162338, 5.3006286765247435, 0.0, 109.32438004974706, 109.32438004974706, 3.1891368258097357, 73.3693090318842, 58.15795277568541, 116.75127370162447, 82.54177072948622, 0.0, 9.172408532928948, 0.0, 0.0], "isc1ss": 73.3693090318842, "isc2ss": 58.15795277568541, "Gnb": 82.54177072948622, "Gth": 116.75127370162447, "k01g": 0.11112444586377535, "alfaG": 0.5238023038387283, "kGSRs": 0.34804859883301936, "kGSRd": 0.2038107694191482, "Ith": 109.32438004974706, "kXGn": 0.08979116209039344, "kcounter": 0.02241260565372529, "SQgluc_k1": 0.005370853501716741, "SQgluc_k2": 0.020024696668375936, "SQgluc_kc1": 0.16682520356294356, "SQgluc_Vgcn": 38.5, "CR": 15.02734375, "CF": 52.941739713645276, "TDI": 36.0, "AGE": 19.0, "t1dm_dur": 11.0, "names": "adolescent#010"}