{"BW": 51.788549291328415, "EGPb": 2.689690715306779, "Gb": 112.43258265253095, "Ib": 111.41505650028193, "kabs": 0.19619300794395425, "kmax": 0.028990816081466655, "kmin": 0.013137040720752658, "b": 0.708726687522352, "f": 0.9, "d": 0.09582056750769424, "Vg": 1.8141206330303592, "Vi": 0.04169091583297208, "Gpb": 203.96626801484763, "Ipb": 4.644995743079083, "Vmx": 0.035360378571301504, "Km0": 250.22318361653694, "Vm0": 3.7209988953160966, "r1": 0.8024859342856594, "r2": 3.4753834544095215, "r3": 1.3650507201595592, "k1": 0.07793304015097144, "k2": 0.06825170353672093, "Fsnc": 1.0, "Gtb": 208.14162728839418, "p2u": 0.06648789105879177, "m1": 0.18143476857065172, "m30": 0.27215215285597755, "m4": 0.17270752804940248, "m2": 0.43176882012350615, "m5": 0.026371429686816654, "CL": 0.9322372621773608, "HEb": 0.6, "Ilb": 4.42156560678608, "ki": 0.006466503602293297, "kp1": 4.367322808855516, "kp2": 0.004005904921198326, "kp3": 0.007723934661806006, "ke1": 0.0005, "ke2": 339.0, "ksc": 0.13634663540828737, "kd": 0.01505778702425826, "ka1": 0.002993207879583714, "ka2": 0.013687766530679673, "dosekempt": 30000.0, "u2ss": 2.0055643314679648, "ueq": [0.0, 2.0055643314679648], "x0": [0.0, 0.0, 0.0, 203.96626801484763, 208.14162728839418, 4.644995743079083, 0.0, 111.41505650028193, 111.41505650028193, 4.42156560678608, 111.10547325239676, 122.22611700120365, 112.43258265253095, 53.188695192629645, 0.0, 7.36791081425196, 0.0, 0.0], "xeq": [0.0, 0.0, 0.0, 203.96626801484763, 208.14162728839418, 4.644995743079083, 0.0, 111.41505650028193, 111.41505650028193, 4.42156560678608, 111.10547325239676, 122.22611700120365, 112.43258265253095, 53.188695192629645, 0.0, 7.36791081425196, 0.0, 0.0], "isc1ss": 111.10547325239676, "isc2ss": 122.22611700120365, "Gnb": 53.188695192629645, "Gth": 112.43258265253095, "k01g": 0.13852400002609824, "alfaG": 0.4950849836056695, "kGSRs": 0.8851577775768159, "kGSRd": 0.5601437050104048, "Ith": 111.41505650028193, "kXGn": 0.0888653579590244, "kcounter": 0.010430681950920102, "SQgluc_k1": 0.011089029011055677, "SQgluc_k2": 0.01489708411015401, "SQgluc_kc1": 0.03946382009141422, "SQgluc_Vgcn": 38.5, "CR": 8.79296875, "CF": 37.44611672448749, "TDI": 51.0, "AGE": 16.0, "t1dm_dur": 2.0, "names": "adolescent#008"}