{
    "BW": 36.164368654264344,
    "EGPb": 3.956370029907261,
    "Gb": 112.82486332597794,
    "Ib": 93.49347965894255,
    "kabs": 0.16490586783816347,
    "kmax": 0.035724154186726684,
    "kmin": 0.014384273964352354,
    "b": 0.6422100020855552,
    "f": 0.9,
    "d": 0.11916696395284075,
    "Vg": 1.8679645582505566,
    "Vi": 0.05661755337855404,
    "Gpb": 210.75284598238983,
    "Ipb": 5.293372075136936,
    "Vmx": 0.04995822923188004,
    "Km0": 195.67426607754948,
    "Vm0": 6.037584314709157,
    "r1": 0.8310859488072477,
    "r2": 3.6353797335911624,
    "r3": 1.4857680366189363,
    "k1": 0.06728699477688806,
    "k2": 0.05978587011040329,
    "Fsnc": 1.0,
    "Gtb": 187.74596064582357,
    "p2u": 0.06629915338103005,
    "m1": 0.39502157885556954,
    "m30": 0.5925323682833542,
    "m4": 0.1279552887789141,
    "m2": 0.3198882219472853,
    "m5": 0.03342324228624991,
    "CL": 0.6549833134404219,
    "HEb": 0.6,
    "Ilb": 1.7146277285677882,
    "ki": 0.010816221725407011,
    "kp1": 7.303675735305343,
    "kp2": 0.007639338813512253,
    "kp3": 0.018581972939333974,
    "ke1": 0.0005,
    "ke2": 339.0,
    "ksc": 0.06439044040247156,
    "kd": 0.01662348398965771,
    "ka1": 0.003400720271128093,
    "ka2": 0.014851545840073116,
    "dosekempt": 30000.0,
    "u2ss": 1.693287381220966,
    "ueq": [
        0.0,
        1.693287381220966
    ],
    "x0": [
        0.0,
        0.0,
        0.0,
        210.75284598238983,
        187.74596064582357,
        5.293372075136936,
        0.0,
        93.49347965894255,
        93.49347965894255,
        1.7146277285677882,
        84.56203098851714,
        94.65112813223713,
        112.82486332597794,
        46.188949281801214,
        0.0,
        9.416792480980417,
        0.0,
        0.0
    ],
    "xeq": [
        0.0,
        0.0,
        0.0,
        210.75284598238983,
        187.74596064582357,
        5.293372075136936,
        0.0,
        93.49347965894255,
        93.49347965894255,
        1.7146277285677882,
        84.56203098851714,
        94.65112813223713,
        112.82486332597794,
        46.188949281801214,
        0.0,
        9.416792480980417,
        0.0,
        0.0
    ],
    "isc1ss": 84.56203098851714,
    "isc2ss": 94.65112813223713,
    "Gnb": 46.188949281801214,
    "Gth": 112.82486332597794,
    "k01g": 0.20387544266331042,
    "alfaG": 0.45139737308958394,
    "kGSRs": 0.3397172352535309,
    "kGSRd": 0.23257805958961408,
    "Ith": 93.49347965894255,
    "kXGn": 0.06918523547737349,
    "kcounter": 0.010783035708494523,
    "SQgluc_k1": 0.011866973624894736,
    "SQgluc_k2": 0.021055248654438405,
    "SQgluc_kc1": 0.22428886780058926,
    "SQgluc_Vgcn": 38.5,
    "CR": 25.9375,
    "CF": 78.57071687896287,
    "TDI": 24.0,
    "AGE": 16.0,
    "t1dm_dur": 12.0,
    "names": "adolescent#001"
}