{"BW": 67.01201010340155, "EGPb": 2.717669087471239, "Gb": 120.02701715950779, "Ib": 115.930683863344, "kabs": 0.11034949962849908, "kmax": 0.03575760632973094, "kmin": 0.008415346443285895, "b": 0.7940738540302275, "f": 0.9, "d": 0.14067881784083325, "Vg": 1.719923945728996, "Vi": 0.04075774224746108, "Gpb": 206.43734094706255, "Ipb": 4.72507293147407, "Vmx": 0.027790124461237506, "Km0": 255.87126892915873, "Vm0": 5.740954642733045, "r1": 0.7943923254607963, "r2": 3.469675248935272, "r3": 1.3859348764101675, "k1": 0.07164859983252786, "k2": 0.11967524078091184, "Fsnc": 1.0, "Gtb": 109.23961597427717, "p2u": 0.06545911662701688, "m1": 0.23717399739909775, "m30": 0.3557609960986466, "m4": 0.1279072868956695, "m2": 0.3197682172391737, "m5": 0.01465644010334325, "CL": 0.873369576714881, "HEb": 0.6, "Ilb": 2.548218884349398, "ki": 0.013020019216729378, "kp1": 4.521046459566996, "kp2": 0.002237509024348752, "kp3": 0.011571327918201847, "ke1": 0.0005, "ke2": 339.0, "ksc": 0.10301755661246347, "kd": 0.018014328813331766, "ka1": 0.003524104328302217, "ka2": 0.014870544932505562, "dosekempt": 30000.0, "u2ss": 1.5109281476225398, "ueq": [0.0, 1.5109281476225398], "x0": [0.0, 0.0, 0.0, 206.43734094706255, 109.23961597427717, 4.72507293147407, 0.0, 115.930683863344, 115.930683863344, 2.548218884349398, 70.15032791321771, 84.9808180619797, 120.02701715950779, 56.79312902350942, 0.0, 6.889798764862567, 0.0, 0.0], "xeq": [0.0, 0.0, 0.0, 206.43734094706255, 109.23961597427717, 4.72507293147407, 0.0, 115.930683863344, 115.930683863344, 2.548218884349398, 70.15032791321771, 84.9808180619797, 120.02701715950779, 56.79312902350942, 0.0, 6.889798764862567, 0.0, 0.0], "isc1ss": 70.15032791321771, "isc2ss": 84.9808180619797, "Gnb": 56.79312902350942, "Gth": 120.02701715950779, "k01g": 0.1213139491224466, "alfaG": 0.4893260951398983, "kGSRs": 0.49625220475206716, "kGSRd": 0.310715713217142, "Ith": 115.930683863344, "kXGn": 0.11182713209761591, "kcounter": 0.004543415146684215, "SQgluc_k1": 0.010175625630650774, "SQgluc_k2": 0.026132685769727722, "SQgluc_kc1": 0.18242715501480392, "SQgluc_Vgcn": 38.5, "CR": 11.130859375, "CF": 42.00503590041746, "TDI": 46.0, "AGE": 16.0, "t1dm_dur": 8.0, "names": "adolescent#009"}