{"BW": 50.882310778613736, "EGPb": 2.7927343528943265, "Gb": 122.80113600268663, "Ib": 89.30530071269374, "kabs": 0.06772247609230775, "kmax": 0.07376172253150233, "kmin": 0.008624820413336544, "b": 0.7616279836395315, "f": 0.9, "d": 0.11312799406633833, "Vg": 1.6463872935731287, "Vi": 0.08853525185519864, "Gpb": 202.17822995116896, "Ipb": 7.9066672906025905, "Vmx": 0.05164755804467473, "Km0": 217.84545986520004, "Vm0": 6.294122019348236, "r1": 0.8103930476127565, "r2": 3.571470430700077, "r3": 1.4918079401805993, "k1": 0.08718962116854893, "k2": 0.18251687231949876, "Fsnc": 1.0, "Gtb": 86.75969911075538, "p2u": 0.021539315202022073, "m1": 0.13489763152070733, "m30": 0.202346447281061, "m4": 0.054087533526883835, "m2": 0.1352188338172096, "m5": 0.032648177295232214, "CL": 0.60914437665999, "HEb": 0.6, "Ilb": 3.1701974849034844, "ki": 0.014910347125410431, "kp1": 4.485625889946278, "kp2": 0.004574331805051504, "kp3": 0.008600399118169387, "ke1": 0.0005, "ke2": 339.0, "ksc": 0.12076242104984726, "kd": 0.016460304964802944, "ka1": 0.004406236525466184, "ka2": 0.02293216437507515, "dosekempt": 30000.0, "u2ss": 1.0691303304159585, "ueq": [0.0, 1.0691303304159585], "x0": [0.0, 0.0, 0.0, 202.17822995116896, 86.75969911075538, 7.9066672906025905, 0.0, 89.30530071269374, 89.30530071269374, 3.1701974849034844, 51.236585177018206, 36.77672127125846, 122.80113600268663, 57.24892887774339, 0.0, 8.283847757119508, 0.0, 0.0], "xeq": [0.0, 0.0, 0.0, 202.17822995116896, 86.75969911075538, 7.9066672906025905, 0.0, 89.30530071269374, 89.30530071269374, 3.1701974849034844, 51.236585177018206, 36.77672127125846, 122.80113600268663, 57.24892887774339, 0.0, 8.283847757119508, 0.0, 0.0], "isc1ss": 51.236585177018206, "isc2ss": 36.77672127125846, "Gnb": 57.24892887774339, "Gth": 122.80113600268663, "k01g": 0.14469873794162832, "alfaG": 0.4602498608438256, "kGSRs": 0.4524036765305593, "kGSRd": 0.2825490683894685, "Ith": 89.30530071269374, "kXGn": 0.12682737503450306, "kcounter": 0.0034030804964566377, "SQgluc_k1": 0.015359048110825235, "SQgluc_k2": 0.04728340327824797, "SQgluc_kc1": 0.2768214292413741, "SQgluc_Vgcn": 38.5, "CR": 19.703125, "CF": 76.60568715938768, "TDI": 26.0, "AGE": 18.0, "t1dm_dur": 9.0, "names": "adolescent#002"}