{"BW": 80.34394770443093, "EGPb": 3.132966624496637, "Gb": 123.44213314091789, "Ib": 119.51006947803556, "kabs": 0.40495087213453196, "kmax": 0.03777077677946849, "kmin": 0.014125656937127258, "b": 0.7283274075119244, "f": 0.9, "d": 0.13627019171455562, "Vg": 1.7803628600441426, "Vi": 0.0833103314428506, "Gpb": 219.7717892087144, "Ipb": 9.956423498973246, "Vmx": 0.12970909321273394, "Km0": 248.90739964413672, "Vm0": 6.998718016700973, "r1": 0.8208007686315895, "r2": 3.6335634289948917, "r3": 1.3897128154316967, "k1": 0.07304916161980124, "k2": 0.12758630044632546, "Fsnc": 1.0, "Gtb": 109.11185821819609, "p2u": 0.03437534588904085, "m1": 0.21514063920902404, "m30": 0.32271095881353606, "m4": 0.06744897510370709, "m2": 0.16862243775926775, "m5": 0.025529451849139698, "CL": 1.128671068591769, "HEb": 0.6, "Ilb": 3.121449128222366, "ki": 0.01609823004650987, "kp1": 6.941786727678261, "kp2": 0.010935991272232121, "kp3": 0.01175965958894017, "ke1": 0.0005, "ke2": 339.0, "ksc": 0.12619051576373844, "kd": 0.014180506005765847, "ka1": 0.0052572122714387, "ka2": 0.02668702772826066, "dosekempt": 30000.0, "u2ss": 1.6788764017605269, "ueq": [0.0, 1.6788764017605269], "x0": [0.0, 0.0, 0.0, 219.7717892087144, 109.11185821819609, 9.956423498973246, 0.0, 119.51006947803556, 119.51006947803556, 3.121449128222366, 86.37209253770376, 45.894956509692165, 123.44213314091789, 72.76828552526155, 0.0, 11.314498699808729, 0.0, 0.0], "xeq": [0.0, 0.0, 0.0, 219.7717892087144, 109.11185821819609, 9.956423498973246, 0.0, 119.51006947803556, 119.51006947803556, 3.121449128222366, 86.37209253770376, 45.894956509692165, 123.44213314091789, 72.76828552526155, 0.0, 11.314498699808729, 0.0, 0.0], "isc1ss": 86.37209253770376, "isc2ss": 45.894956509692165, "Gnb": 72.76828552526155, "Gth": 123.44213314091789, "k01g": 0.15548667414846395, "alfaG": 0.4832646620656183, "kGSRs": 0.338426592032932, "kGSRd": 0.22814712854489996, "Ith": 119.51006947803556, "kXGn": 0.07899804984084216, "kcounter": 0.010548633154713598, "SQgluc_k1": 0.011075104922480311, "SQgluc_k2": 0.016711105210387617, "SQgluc_kc1": 0.05780327649041757, "SQgluc_Vgcn": 38.5, "CR": 22.48402953050909, "CF": 42.10140880589127, "TDI": 43.0, "AGE": 22.0, "t1dm_dur": 12.0, "names": "adult#002"}