{"BW": 67.10597550521923, "EGPb": 2.443164735046936, "Gb": 119.65446259186353, "Ib": 98.62033771681584, "kabs": 0.05816960232577073, "kmax": 0.06704957559291781, "kmin": 0.01638242277914438, "b": 0.813181131756874, "f": 0.9, "d": 0.11756524572182103, "Vg": 1.8837457652563083, "Vi": 0.04763588108263325, "Gpb": 225.3985872014423, "Ipb": 4.697866679807371, "Vmx": 0.041075310824698445, "Km0": 203.93262914321048, "Vm0": 2.7197896958129255, "r1": 0.7957582617277961, "r2": 3.475308538156457, "r3": 1.3993836439524654, "k1": 0.10118254096920284, "k2": 0.09266756787338111, "Fsnc": 1.0, "Gtb": 230.53628728072036, "p2u": 0.054854941721046734, "m1": 0.1637380617840979, "m30": 0.24560709267614683, "m4": 0.11651178175903212, "m2": 0.2912794543975803, "m5": 0.01905963983732878, "CL": 0.9311191288424456, "HEb": 0.6, "Ilb": 3.342880765575937, "ki": 0.008551713275291398, "kp1": 3.542582372248872, "kp2": 0.0030090001252206645, "kp3": 0.004270855990147528, "ke1": 0.0005, "ke2": 339.0, "ksc": 0.09587702704911928, "kd": 0.019723286850296604, "ka1": 0.004199713149441683, "ka2": 0.018304446670873494, "dosekempt": 30000.0, "u2ss": 1.3683920433268628, "ueq": [0.0, 1.3683920433268628], "x0": [0.0, 0.0, 0.0, 225.3985872014423, 230.53628728072036, 4.697866679807371, 0.0, 98.62033771681584, 98.62033771681584, 3.342880765575937, 57.19985132892333, 61.633607168789524, 119.65446259186353, 45.924929309618435, 0.0, 5.521755894800848, 0.0, 0.0], "xeq": [0.0, 0.0, 0.0, 225.3985872014423, 230.53628728072036, 4.697866679807371, 0.0, 98.62033771681584, 98.62033771681584, 3.342880765575937, 57.19985132892333, 61.633607168789524, 119.65446259186353, 45.924929309618435, 0.0, 5.521755894800848, 0.0, 0.0], "isc1ss": 57.19985132892333, "isc2ss": 61.633607168789524, "Gnb": 45.924929309618435, "Gth": 119.65446259186353, "k01g": 0.12023439072870563, "alfaG": 0.48351841598686635, "kGSRs": 0.12956101900087008, "kGSRd": 0.08001387338859034, "Ith": 98.62033771681584, "kXGn": 0.130549369116179, "kcounter": 0.008859862356736655, "SQgluc_k1": 0.011419607615630554, "SQgluc_k2": 0.017280135438467202, "SQgluc_kc1": 0.16344853504510878, "SQgluc_Vgcn": 38.5, "CR": 13.46875, "CF": 48.01877765051716, "TDI": 40.0, "AGE": 47.0, "t1dm_dur": 35.0, "names": "adult#005"}