{"BW": 80.79056385257277, "EGPb": 2.990171035190789, "Gb": 113.31485099752018, "Ib": 106.08956720675471, "kabs": 0.109073273946794, "kmax": 0.033334020505171896, "kmin": 0.009955788785512062, "b": 0.7128514991753578, "f": 0.9, "d": 0.1628685749504139, "Vg": 1.6384853659546554, "Vi": 0.068128440059443, "Gpb": 185.6647251047691, "Ipb": 7.2277167203776385, "Vmx": 0.06291820404105102, "Km0": 232.87634016929172, "Vm0": 5.978886251155927, "r1": 0.8193373003920722, "r2": 3.572331159192916, "r3": 1.4085700391607685, "k1": 0.07181080112379344, "k2": 0.09761766350879135, "Fsnc": 1.0, "Gtb": 116.19374206790009, "p2u": 0.04371673752194618, "m1": 0.17265130462939038, "m30": 0.25897695694408557, "m4": 0.08552726976802082, "m2": 0.21381817442005202, "m5": 0.019935442094269114, "CL": 1.1768841160206327, "HEb": 0.6, "Ilb": 3.5804356015583942, "ki": 0.006926556753214685, "kp1": 5.983560005599435, "kp2": 0.007939976880624831, "kp3": 0.014320120116697834, "ke1": 0.0005, "ke2": 339.0, "ksc": 0.14633726788225676, "kd": 0.014389529864750988, "ka1": 0.004295148719076086, "ka2": 0.017021594024627933, "dosekempt": 30000.0, "u2ss": 1.5454171943764323, "ueq": [0.0, 1.5454171943764323], "x0": [0.0, 0.0, 0.0, 185.6647251047691, 116.19374206790009, 7.2277167203776385, 0.0, 106.08956720675471, 106.08956720675471, 3.5804356015583942, 82.71039758286778, 69.92081554889035, 113.31485099752018, 60.72325679907093, 0.0, 6.0254948936093955, 0.0, 0.0], "xeq": [0.0, 0.0, 0.0, 185.6647251047691, 116.19374206790009, 7.2277167203776385, 0.0, 106.08956720675471, 106.08956720675471, 3.5804356015583942, 82.71039758286778, 69.92081554889035, 113.31485099752018, 60.72325679907093, 0.0, 6.0254948936093955, 0.0, 0.0], "isc1ss": 82.71039758286778, "isc2ss": 69.92081554889035, "Gnb": 60.72325679907093, "Gth": 113.31485099752018, "k01g": 0.09922878335638917, "alfaG": 0.5409718256683799, "kGSRs": 0.20498705007832935, "kGSRd": 0.1182349814535289, "Ith": 106.08956720675471, "kXGn": 0.08833437228882418, "kcounter": 0.01406855529542297, "SQgluc_k1": 0.004427202783280868, "SQgluc_k2": 0.021373955604420458, "SQgluc_kc1": 0.10672648920136668, "SQgluc_Vgcn": 38.5, "CR": 13.772570217009898, "CF": 39.50301826049244, "TDI": 47.0, "AGE": 31.0, "t1dm_dur": 19.0, "names": "adult#010"}