{"BW": 69.70975759493084, "EGPb": 2.6676230938706906, "Gb": 119.58974186335645, "Ib": 106.04373597936818, "kabs": 0.2062249973633617, "kmax": 0.04294104874607061, "kmin": 0.014148081283345566, "b": 0.7611973261215151, "f": 0.9, "d": 0.13724773685062186, "Vg": 1.8479951475235095, "Vi": 0.051149792684573064, "Gpb": 221.00126265707183, "Ipb": 5.424115110842284, "Vmx": 0.07152806577924958, "Km0": 226.6100842401364, "Vm0": 4.473984214684085, "r1": 0.8109059144031592, "r2": 3.5583742121983, "r3": 1.455189195787274, "k1": 0.07313911692354484, "k2": 0.10765173075975654, "Fsnc": 1.0, "Gtb": 134.65843970689835, "p2u": 0.04701265264059517, "m1": 0.18499125001778552, "m30": 0.2774868750266783, "m4": 0.1252089462643612, "m2": 0.31302236566090297, "m5": 0.026294930370973513, "CL": 1.116124958047003, "HEb": 0.6, "Ilb": 3.6712424905495045, "ki": 0.010929704021279074, "kp1": 4.986557615650666, "kp2": 0.005450368687126653, "kp3": 0.010508835337480331, "ke1": 0.0005, "ke2": 339.0, "ksc": 0.10534205422276852, "kd": 0.016193722234216654, "ka1": 0.003829911922352327, "ka2": 0.017702348519497393, "dosekempt": 30000.0, "u2ss": 1.6978693436129029, "ueq": [0.0, 1.6978693436129029], "x0": [0.0, 0.0, 0.0, 221.00126265707183, 134.65843970689835, 5.424115110842284, 0.0, 106.04373597936818, 106.04373597936818, 3.6712424905495045, 84.79326631404207, 77.56703018863301, 119.58974186335645, 56.98343068202634, 0.0, 7.6559308615907256, 0.0, 0.0], "xeq": [0.0, 0.0, 0.0, 221.00126265707183, 134.65843970689835, 5.424115110842284, 0.0, 106.04373597936818, 106.04373597936818, 3.6712424905495045, 84.79326631404207, 77.56703018863301, 119.58974186335645, 56.98343068202634, 0.0, 7.6559308615907256, 0.0, 0.0], "isc1ss": 84.79326631404207, "isc2ss": 77.56703018863301, "Gnb": 56.98343068202634, "Gth": 119.58974186335645, "k01g": 0.1343536317480013, "alfaG": 0.49553393423292674, "kGSRs": 0.6462614038744476, "kGSRd": 0.3999574031406313, "Ith": 106.04373597936818, "kXGn": 0.09910998255294329, "kcounter": 0.00870994386943715, "SQgluc_k1": 0.010175219249736297, "SQgluc_k2": 0.025740233638256733, "SQgluc_kc1": 0.11923010470355119, "SQgluc_Vgcn": 38.5, "CR": 15.908470714238609, "CF": 43.269657281332954, "TDI": 39.90429992700819, "AGE": 32.34, "t1dm_dur": 10.92, "names": "adult#average"}