{"BW": 73.00722155970654, "EGPb": 2.8205415265602243, "Gb": 115.57229360614708, "Ib": 165.652275536087, "kabs": 0.09166199788343408, "kmax": 0.03895561039626153, "kmin": 0.014110507100864308, "b": 0.665481354597301, "f": 0.9, "d": 0.07878745800677439, "Vg": 1.7851965936640966, "Vi": 0.060015252695604475, "Gpb": 206.3192648676406, "Ipb": 9.94166317590016, "Vmx": 0.0814872578393328, "Km0": 229.70628893788347, "Vm0": 8.572875424266837, "r1": 0.8067362830432558, "r2": 3.5148406047352796, "r3": 1.3506044989754111, "k1": 0.06941697881309884, "k2": 0.20185671568948366, "Fsnc": 1.0, "Gtb": 61.93263607202451, "p2u": 0.030252911106018642, "m1": 0.2824668192841413, "m30": 0.4237002289262119, "m4": 0.10483067671694571, "m2": 0.26207669179236426, "m5": 0.04016616947405261, "CL": 1.1483013035148537, "HEb": 0.6, "Ilb": 3.6896060254538567, "ki": 0.020377855581610028, "kp1": 4.354190653682311, "kp2": 0.005087977683003342, "kp3": 0.002921187229911964, "ke1": 0.0005, "ke2": 339.0, "ksc": 0.09982124984516934, "kd": 0.015038918418960436, "ka1": 0.0030388333896250383, "ka2": 0.016410641959727214, "dosekempt": 30000.0, "u2ss": 2.605478196053883, "ueq": [0.0, 2.605478196053883], "x0": [0.0, 0.0, 0.0, 206.3192648676406, 61.93263607202451, 9.94166317590016, 0.0, 165.652275536087, 165.652275536087, 3.6896060254538567, 144.12622894935924, 132.07908651721365, 115.57229360614708, 65.49561761279423, 0.0, 10.228739516241344, 0.0, 0.0], "xeq": [0.0, 0.0, 0.0, 206.3192648676406, 61.93263607202451, 9.94166317590016, 0.0, 165.652275536087, 165.652275536087, 3.6896060254538567, 144.12622894935924, 132.07908651721365, 115.57229360614708, 65.49561761279423, 0.0, 10.228739516241344, 0.0, 0.0], "isc1ss": 144.12622894935924, "isc2ss": 132.07908651721365, "Gnb": 65.49561761279423, "Gth": 115.57229360614708, "k01g": 0.15617441119057732, "alfaG": 0.47620283176247347, "kGSRs": 0.3443754319190462, "kGSRd": 0.21516970349696954, "Ith": 165.652275536087, "kXGn": 0.08734239474033267, "kcounter": 0.006078340439156057, "SQgluc_k1": 0.006956506315038341, "SQgluc_k2": 0.02713804123144163, "SQgluc_kc1": 0.18580256022311223, "SQgluc_Vgcn": 38.5, "CR": 8.995080905333818, "CF": 25.88960054351656, "TDI": 72.0, "AGE": 23.0, "t1dm_dur": 12.0, "names": "adult#006"}