{"BW": 70.86703896580053, "EGPb": 2.8407711303650984, "Gb": 119.40825624590403, "Ib": 117.57932864340026, "kabs": 0.3058683094082574, "kmax": 0.02266057264410271, "kmin": 0.009526150023979134, "b": 0.8077090688628467, "f": 0.9, "d": 0.182563092244582, "Vg": 1.7278015612362738, "Vi": 0.06524473237613979, "Gpb": 206.313771566174, "Ipb": 7.6714318303048366, "Vmx": 0.08301539692224058, "Km0": 213.89648344028558, "Vm0": 5.580602693785356, "r1": 0.7880483430428689, "r2": 3.432451737956427, "r3": 1.456119177706449, "k1": 0.05459515864080526, "k2": 0.08950268034239639, "Fsnc": 1.0, "Gtb": 105.28133819037687, "p2u": 0.02772911935661584, "m1": 0.32819195826848563, "m30": 0.4922879374027284, "m4": 0.11034252010685164, "m2": 0.2758563002671291, "m5": 0.060983766958836186, "CL": 1.2754770490878529, "HEb": 0.6, "Ilb": 2.57923785046331, "ki": 0.018195356372464767, "kp1": 4.745952042165756, "kp2": 0.004023101717139424, "kp3": 0.009144121126971758, "ke1": 0.0005, "ke2": 339.0, "ksc": 0.13980392912434483, "kd": 0.0163529744731942, "ka1": 0.0035145330185555055, "ka2": 0.015788548538589593, "dosekempt": 30000.0, "u2ss": 2.116212802459383, "ueq": [0.0, 2.116212802459383], "x0": [0.0, 0.0, 0.0, 206.313771566174, 105.28133819037687, 7.6714318303048366, 0.0, 117.57932864340026, 117.57932864340026, 2.57923785046331, 106.51627051547224, 110.3241281782174, 119.40825624590403, 48.91878539192667, 0.0, 5.557799235393882, 0.0, 0.0], "xeq": [0.0, 0.0, 0.0, 206.313771566174, 105.28133819037687, 7.6714318303048366, 0.0, 117.57932864340026, 117.57932864340026, 2.57923785046331, 106.51627051547224, 110.3241281782174, 119.40825624590403, 48.91878539192667, 0.0, 5.557799235393882, 0.0, 0.0], "isc1ss": 106.51627051547224, "isc2ss": 110.3241281782174, "Gnb": 48.91878539192667, "Gth": 119.40825624590403, "k01g": 0.11361278067037037, "alfaG": 0.5218504043613464, "kGSRs": 0.128172993959206, "kGSRd": 0.07715916067024042, "Ith": 117.57932864340026, "kXGn": 0.08756532294413694, "kcounter": 0.00989837663573071, "SQgluc_k1": 0.03682742892828508, "SQgluc_k2": 0.021105735163503052, "SQgluc_kc1": 0.08942761260530754, "SQgluc_Vgcn": 38.5, "CR": 14.551612374056639, "CF": 35.15120209098599, "TDI": 52.0, "AGE": 42.0, "t1dm_dur": 38.0, "names": "adult#003"}