{"BW": 27.777907216051457, "EGPb": 3.2406498183470522, "Gb": 123.09073533498726, "Ib": 121.24995639900769, "kabs": 0.012962442986712938, "kmax": 0.07167012113765277, "kmin": 0.008768257147278868, "b": 0.581409853606204, "f": 0.9, "d": 0.14498721488198263, "Vg": 1.8365244618786765, "Vi": 0.055111502741469365, "Gpb": 226.05914647333805, "Ipb": 6.682267304486953, "Vmx": 0.08390794805181806, "Km0": 220.80574473551238, "Vm0": 9.495610423498213, "r1": 0.8187366836014879, "r2": 3.6200379205269275, "r3": 1.4269983468906293, "k1": 0.06158109302049064, "k2": 0.17127951528876653, "Fsnc": 1.0, "Gtb": 68.19449184607984, "p2u": 0.06875445291661092, "m1": 0.23859796686559565, "m30": 0.3578969502983934, "m4": 0.08011160474425884, "m2": 0.20027901186064706, "m5": 0.031497981375585696, "CL": 0.3066035762316973, "HEb": 0.6, "Ilb": 2.2436367087490616, "ki": 0.00685402829202527, "kp1": 5.205343275817283, "kp2": 0.0034455388190289685, "kp3": 0.009779779953054835, "ke1": 0.0005, "ke2": 339.0, "ksc": 0.07867272683880588, "kd": 0.019927156290271142, "ka1": 0.0032550612854819936, "ka2": 0.014587775407126963, "dosekempt": 30000.0, "u2ss": 1.3383178927313566, "ueq": [0.0, 1.3383178927313566], "x0": [0.0, 0.0, 0.0, 226.05914647333805, 68.19449184607984, 6.682267304486953, 0.0, 121.24995639900769, 121.24995639900769, 2.2436367087490616, 57.7303654561131, 78.86068869530297, 123.09073533498726, 37.512460711546, 0.0, 4.493089882756431, 0.0, 0.0], "xeq": [0.0, 0.0, 0.0, 226.05914647333805, 68.19449184607984, 6.682267304486953, 0.0, 121.24995639900769, 121.24995639900769, 2.2436367087490616, 57.7303654561131, 78.86068869530297, 123.09073533498726, 37.512460711546, 0.0, 4.493089882756431, 0.0, 0.0], "isc1ss": 57.7303654561131, "isc2ss": 78.86068869530297, "Gnb": 37.512460711546, "Gth": 123.09073533498726, "k01g": 0.11977593038500665, "alfaG": 0.5100146651413981, "kGSRs": 0.9054346471951533, "kGSRd": 0.5537551469852491, "Ith": 121.24995639900769, "kXGn": 0.1067220803387629, "kcounter": 0.005388417065812237, "SQgluc_k1": 0.006984095677127818, "SQgluc_k2": 0.04821949467325886, "SQgluc_kc1": 0.24372800610580386, "SQgluc_Vgcn": 38.5, "CR": 19.703125, "CF": 107.77320002077245, "TDI": 12.0, "AGE": 3.0, "t1dm_dur": 2.0, "names": "child#001"}