{"BW": 25.48181814851491, "EGPb": 3.1407635532636267, "Gb": 121.54564671556257, "Ib": 105.65940514389281, "kabs": 0.07845853096384887, "kmax": 0.024595558883881, "kmin": 0.009737967166938219, "b": 0.6709365769954674, "f": 0.9, "d": 0.13961578473659197, "Vg": 1.6659937343301454, "Vi": 0.04966061876511356, "Gpb": 202.49428586323265, "Ipb": 5.247111437799539, "Vmx": 0.1357848135994318, "Km0": 218.36754305281494, "Vm0": 6.1647163730223165, "r1": 0.8114249117745216, "r2": 3.5710620178022343, "r3": 1.5178429171728305, "k1": 0.05212964445888229, "k2": 0.07243694024933812, "Fsnc": 1.0, "Gtb": 116.17265368713386, "p2u": 0.07201153549444203, "m1": 0.14453732029870825, "m30": 0.21680598044806237, "m4": 0.11855605040421524, "m2": 0.2963901260105381, "m5": 0.037036957120934605, "CL": 0.3750647677017201, "HEb": 0.6, "Ilb": 4.303918232403095, "ki": 0.016196621868832285, "kp1": 5.873958953670668, "kp2": 0.00735311741380423, "kp3": 0.011775867364914566, "ke1": 0.0005, "ke2": 339.0, "ksc": 0.13249349818398778, "kd": 0.01530794159215379, "ka1": 0.005118828868163278, "ka2": 0.022389069198800494, "dosekempt": 30000.0, "u2ss": 1.5551920202407414, "ueq": [0.0, 1.5551920202407414], "x0": [0.0, 0.0, 0.0, 202.49428586323265, 116.17265368713386, 5.247111437799539, 0.0, 105.65940514389281, 105.65940514389281, 4.303918232403095, 76.1349927176203, 52.055313746711114, 121.54564671556257, 61.911365707787006, 0.0, 8.28451512346054, 0.0, 0.0], "xeq": [0.0, 0.0, 0.0, 202.49428586323265, 116.17265368713386, 5.247111437799539, 0.0, 105.65940514389281, 105.65940514389281, 4.303918232403095, 76.1349927176203, 52.055313746711114, 121.54564671556257, 61.911365707787006, 0.0, 8.28451512346054, 0.0, 0.0], "isc1ss": 76.1349927176203, "isc2ss": 52.055313746711114, "Gnb": 61.911365707787006, "Gth": 121.54564671556257, "k01g": 0.13381250807101064, "alfaG": 0.5360298481267821, "kGSRs": 0.9751515941008673, "kGSRd": 0.6290295165118671, "Ith": 105.65940514389281, "kXGn": 0.05816880204347317, "kcounter": 0.02158884312506653, "SQgluc_k1": 0.008917127858987725, "SQgluc_k2": 0.02805961338036206, "SQgluc_kc1": 0.19018798268522563, "SQgluc_Vgcn": 38.5, "CR": 18.870031519544696, "CF": 102.00903833423122, "TDI": 13.0, "AGE": 2.0, "t1dm_dur": 1.0, "names": "child#007"}