{"BW": 36.14650623363047, "EGPb": 2.955350331304593, "Gb": 133.41079571585047, "Ib": 140.03964773466402, "kabs": 0.2680783198221326, "kmax": 0.030952982031939115, "kmin": 0.011162383151953385, "b": 0.8230040724004823, "f": 0.9, "d": 0.1547361458252818, "Vg": 1.7756129285621738, "Vi": 0.03758368938919592, "Gpb": 236.88593368283117, "Ipb": 5.263206622632027, "Vmx": 0.06714888362970402, "Km0": 234.54935379180876, "Vm0": 3.7766387036092133, "r1": 0.794369629401853, "r2": 3.5302717776358654, "r3": 1.4308340789825094, "k1": 0.08144337236323307, "k2": 0.06885014199485429, "Fsnc": 1.0, "Gtb": 251.81413532210468, "p2u": 0.04869816498487484, "m1": 0.0974783099811376, "m30": 0.14621746497170637, "m4": 0.11846191926637673, "m2": 0.29615479816594176, "m5": 0.00927421925230161, "CL": 0.40233193884497964, "HEb": 0.6, "Ilb": 6.396187604536249, "ki": 0.011941809514594882, "kp1": 6.497276413463938, "kp2": 0.007719070660515147, "kp3": 0.012235012364683006, "ke1": 0.0005, "ke2": 339.0, "ksc": 0.08074697980848751, "kd": 0.015487992951173285, "ka1": 0.003352569631428357, "ka2": 0.01533949836370093, "dosekempt": 30000.0, "u2ss": 1.558723895031236, "ueq": [0.0, 1.558723895031236], "x0": [0.0, 0.0, 0.0, 236.88593368283117, 251.81413532210468, 5.263206622632027, 0.0, 140.03964773466402, 140.03964773466402, 6.396187604536249, 82.73234348483007, 83.53323702939818, 133.41079571585047, 70.71473014589414, 0.0, 10.766051728298496, 0.0, 0.0], "xeq": [0.0, 0.0, 0.0, 236.88593368283117, 251.81413532210468, 5.263206622632027, 0.0, 140.03964773466402, 140.03964773466402, 6.396187604536249, 82.73234348483007, 83.53323702939818, 133.41079571585047, 70.71473014589414, 0.0, 10.766051728298496, 0.0, 0.0], "isc1ss": 82.73234348483007, "isc2ss": 83.53323702939818, "Gnb": 70.71473014589414, "Gth": 133.41079571585047, "k01g": 0.1522462393066715, "alfaG": 0.4924661255319617, "kGSRs": 0.724653191236153, "kGSRd": 0.47215270045665847, "Ith": 140.03964773466402, "kXGn": 0.07719292557887589, "kcounter": 0.009216962224788407, "SQgluc_k1": 0.005982375204323731, "SQgluc_k2": 0.01578637871582816, "SQgluc_kc1": 0.07300910929486351, "SQgluc_Vgcn": 38.5, "CR": 32.171875, "CF": 95.94549426974685, "TDI": 15.0, "AGE": 7.0, "t1dm_dur": 4.0, "names": "child#010"}