{"BW": 29.970580299820583, "EGPb": 2.96625943665298, "Gb": 119.84470804838833, "Ib": 106.0993071655351, "kabs": 0.25637177585529564, "kmax": 0.0378232937686265, "kmin": 0.011906797717541676, "b": 0.7731164023337938, "f": 0.9, "d": 0.15238811258283624, "Vg": 1.831301698785284, "Vi": 0.04796326248854807, "Gpb": 219.47181743943995, "Ipb": 5.088868919433649, "Vmx": 0.08677099169632119, "Km0": 229.6000242642238, "Vm0": 5.257340757655269, "r1": 0.8120288717558687, "r2": 3.565923000691198, "r3": 1.4445223797242457, "k1": 0.07460499338359072, "k2": 0.10502979175034438, "Fsnc": 1.0, "Gtb": 137.17473691224214, "p2u": 0.04877096323120078, "m1": 0.18886138705282587, "m30": 0.28329208057923877, "m4": 0.10590715666894432, "m2": 0.26476789167236076, "m5": 0.024787921153045442, "CL": 0.38060035195197783, "HEb": 0.6, "Ilb": 2.8536676889248587, "ki": 0.010137632928526255, "kp1": 5.078945681615634, "kp2": 0.004901876892647526, "kp3": 0.009772565365117841, "ke1": 0.0005, "ke2": 339.0, "ksc": 0.09893818474586329, "kd": 0.016758342332484338, "ka1": 0.004346822342609928, "ka2": 0.019706605448943842, "dosekempt": 30000.0, "u2ss": 1.3473690947954517, "ueq": [0.0, 1.3473690947954517], "x0": [0.0, 0.0, 0.0, 219.47181743943995, 137.17473691224214, 5.088868919433649, 0.0, 106.0993071655351, 106.0993071655351, 2.8536676889248587, 63.84072882337905, 54.28965384978693, 119.84470804838833, 55.31685371849878, 0.0, 7.541483495928594, 0.0, 0.0], "xeq": [0.0, 0.0, 0.0, 219.47181743943995, 137.17473691224214, 5.088868919433649, 0.0, 106.0993071655351, 106.0993071655351, 2.8536676889248587, 63.84072882337905, 54.28965384978693, 119.84470804838833, 55.31685371849878, 0.0, 7.541483495928594, 0.0, 0.0], "isc1ss": 63.84072882337905, "isc2ss": 54.28965384978693, "Gnb": 55.31685371849878, "Gth": 119.84470804838833, "k01g": 0.1363324735406383, "alfaG": 0.49220302864129617, "kGSRs": 0.7688020001455073, "kGSRd": 0.4754969381832563, "Ith": 106.0993071655351, "kXGn": 0.0999402471864229, "kcounter": 0.008254269293819193, "SQgluc_k1": 0.010175219249736297, "SQgluc_k2": 0.025740233638256733, "SQgluc_kc1": 0.11923010470355119, "SQgluc_Vgcn": 38.5, "CR": 23.561777919109783, "CF": 110.26982623953704, "TDI": 16.93879501838826, "AGE": 6.11, "t1dm_dur": 3.52, "names": "child#average"}