{"BW": 28.320206091440113, "EGPb": 3.012894314286408, "Gb": 124.1763236021134, "Ib": 71.63807970003316, "kabs": 1.0578678539642488, "kmax": 0.01689073570720641, "kmin": 0.013049358489334329, "b": 0.7825766159189744, "f": 0.9, "d": 0.11285257533075944, "Vg": 1.7321428833319672, "Vi": 0.045109277862540285, "Gpb": 215.0911352057281, "Ipb": 3.2315420427276025, "Vmx": 0.12594281605544833, "Km0": 248.5426447942384, "Vm0": 4.598324763147871, "r1": 0.7980914730250438, "r2": 3.509590321094808, "r3": 1.3676318467252944, "k1": 0.07127025172279321, "k2": 0.06881890385051759, "Fsnc": 1.0, "Gtb": 193.50359116577278, "p2u": 0.029659040223279972, "m1": 0.22107963926380192, "m30": 0.3316194588957028, "m4": 0.09776096920178619, "m2": 0.24440242300446546, "m5": 0.020220298982124227, "CL": 0.3122250841678641, "HEb": 0.6, "Ilb": 1.4289813533502393, "ki": 0.008232424927986183, "kp1": 4.517361834758397, "kp2": 0.003619676813498979, "kp3": 0.01013297855858502, "ke1": 0.0005, "ke2": 339.0, "ksc": 0.11111218906332641, "kd": 0.015643756272621705, "ka1": 0.003738739169811863, "ka2": 0.01900348036421121, "dosekempt": 30000.0, "u2ss": 0.7897967052834258, "ueq": [0.0, 0.7897967052834258], "x0": [0.0, 0.0, 0.0, 215.0911352057281, 193.50359116577278, 3.2315420427276025, 0.0, 71.63807970003316, 71.63807970003316, 1.4289813533502393, 40.74793710795079, 33.54389746045653, 124.1763236021134, 59.95444326920487, 0.0, 6.461419148858677, 0.0, 0.0], "xeq": [0.0, 0.0, 0.0, 215.0911352057281, 193.50359116577278, 3.2315420427276025, 0.0, 71.63807970003316, 71.63807970003316, 1.4289813533502393, 40.74793710795079, 33.54389746045653, 124.1763236021134, 59.95444326920487, 0.0, 6.461419148858677, 0.0, 0.0], "isc1ss": 40.74793710795079, "isc2ss": 33.54389746045653, "Gnb": 59.95444326920487, "Gth": 124.1763236021134, "k01g": 0.10777214826006956, "alfaG": 0.5117590477132412, "kGSRs": 0.6346789308078784, "kGSRd": 0.3757630984856064, "Ith": 71.63807970003316, "kXGn": 0.10755256273633829, "kcounter": 0.011228984238607891, "SQgluc_k1": 0.0143661466022253, "SQgluc_k2": 0.04302029266533, "SQgluc_kc1": 0.12391596005299368, "SQgluc_Vgcn": 38.5, "CR": 31.509690160082418, "CF": 176.11970877787405, "TDI": 7.0, "AGE": 5.0, "t1dm_dur": 5.0, "names": "child#004"}