{"BW": 23.00894104778829, "EGPb": 3.2626371920624764, "Gb": 124.9830164426965, "Ib": 87.93594368751252, "kabs": 0.13366526525925718, "kmax": 0.045822987070163364, "kmin": 0.01244303662610682, "b": 0.8662258780803341, "f": 0.9, "d": 0.08852867359560158, "Vg": 2.158312625448579, "Vi": 0.03431252498058037, "Gpb": 269.7524223549192, "Ipb": 3.0173042644686823, "Vmx": 0.07978552155579016, "Km0": 204.56469430877243, "Vm0": 3.571099009511539, "r1": 0.7982105075205808, "r2": 3.5140099198421937, "r3": 1.4184064094677362, "k1": 0.09369671904576404, "k2": 0.06505416333910408, "Fsnc": 1.0, "Gtb": 353.7403074002487, "p2u": 0.05658621641408822, "m1": 0.1609959647745629, "m30": 0.24149394716184436, "m4": 0.1610406662800628, "m2": 0.402601665700157, "m5": 0.01984925464578153, "CL": 0.31785194750093965, "HEb": 0.6, "Ilb": 3.0181420372871615, "ki": 0.013160208288974441, "kp1": 5.94652806709022, "kp2": 0.004868277440934101, "kp3": 0.015587041943971383, "ke1": 0.0005, "ke2": 339.0, "ksc": 0.16119547173686324, "kd": 0.018797312215577778, "ka1": 0.005763555064518332, "ka2": 0.0304188702312993, "dosekempt": 30000.0, "u2ss": 1.214771722799278, "ueq": [0.0, 1.214771722799278], "x0": [0.0, 0.0, 0.0, 269.7524223549192, 353.7403074002487, 3.0173042644686823, 0.0, 87.93594368751252, 87.93594368751252, 3.0181420372871615, 49.459642810892, 30.563539701440863, 124.9830164426965, 54.391207703621724, 0.0, 8.953329448550225, 0.0, 0.0], "xeq": [0.0, 0.0, 0.0, 269.7524223549192, 353.7403074002487, 3.0173042644686823, 0.0, 87.93594368751252, 87.93594368751252, 3.0181420372871615, 49.459642810892, 30.563539701440863, 124.9830164426965, 54.391207703621724, 0.0, 8.953329448550225, 0.0, 0.0], "isc1ss": 49.459642810892, "isc2ss": 30.563539701440863, "Gnb": 54.391207703621724, "Gth": 124.9830164426965, "k01g": 0.16460986667803026, "alfaG": 0.46881027550440085, "kGSRs": 0.9205997427222443, "kGSRd": 0.611042837288686, "Ith": 87.93594368751252, "kXGn": 0.0867964473596049, "kcounter": 0.005558683660076429, "SQgluc_k1": 0.005550790962273325, "SQgluc_k2": 0.022098002245229405, "SQgluc_kc1": 0.4157423645422267, "SQgluc_Vgcn": 38.5, "CR": 29.622841593234313, "CF": 150.90399452794617, "TDI": 9.0, "AGE": 4.0, "t1dm_dur": 2.0, "names": "child#009"}