{"BW": 35.197155229570896, "EGPb": 2.815004271599827, "Gb": 110.78027153603212, "Ib": 146.80158881857335, "kabs": 0.029715421541523332, "kmax": 0.06441547451266293, "kmin": 0.01008065653295833, "b": 0.6506332706566333, "f": 0.9, "d": 0.10195132452976907, "Vg": 1.734673020503482, "Vi": 0.039017893371109426, "Gpb": 192.16754823760473, "Ipb": 5.727888739232545, "Vmx": 0.0630006561367424, "Km0": 234.49767630783293, "Vm0": 4.306770628274612, "r1": 0.8153052911906207, "r2": 3.5361703482875466, "r3": 1.41407564255252, "k1": 0.07126664434717792, "k2": 0.06955244323272264, "Fsnc": 1.0, "Gtb": 170.80826339870987, "p2u": 0.056137713658324595, "m1": 0.17107530258003828, "m30": 0.2566129538700574, "m4": 0.11006776652511814, "m2": 0.2751694163127953, "m5": 0.015270385939617466, "CL": 0.37789534628710136, "HEb": 0.6, "Ilb": 3.6852538672947226, "ki": 0.011184986730893347, "kp1": 5.6796629862316, "kp2": 0.005645206211211165, "kp3": 0.012124073670123935, "ke1": 0.0005, "ke2": 339.0, "ksc": 0.09631020319459381, "kd": 0.016862515173119035, "ka1": 0.0036705369967698497, "ka2": 0.014922166265883767, "dosekempt": 30000.0, "u2ss": 1.5761398010792522, "ueq": [0.0, 1.5761398010792522], "x0": [0.0, 0.0, 0.0, 192.16754823760473, 170.80826339870987, 5.727888739232545, 0.0, 146.80158881857335, 146.80158881857335, 3.6852538672947226, 76.76110633910602, 86.74245396312898, 110.78027153603212, 64.33512305519666, 0.0, 13.30819381166109, 0.0, 0.0], "xeq": [0.0, 0.0, 0.0, 192.16754823760473, 170.80826339870987, 5.727888739232545, 0.0, 146.80158881857335, 146.80158881857335, 3.6852538672947226, 76.76110633910602, 86.74245396312898, 110.78027153603212, 64.33512305519666, 0.0, 13.30819381166109, 0.0, 0.0], "isc1ss": 76.76110633910602, "isc2ss": 86.74245396312898, "Gnb": 64.33512305519666, "Gth": 110.78027153603212, "k01g": 0.2068573615728263, "alfaG": 0.42517363801446784, "kGSRs": 0.9203610749067614, "kGSRd": 0.615688251467883, "Ith": 146.80158881857335, "kXGn": 0.10483149077158227, "kcounter": 0.0041934588245063605, "SQgluc_k1": 0.004803746421910397, "SQgluc_k2": 0.022435956069856548, "SQgluc_kc1": 0.09681057494023972, "SQgluc_Vgcn": 38.5, "CR": 30.61328125, "CF": 95.91512357630886, "TDI": 15.0, "AGE": 5.0, "t1dm_dur": 2.0, "names": "child#003"}