{"BW": 31.62302995026926, "EGPb": 2.713849715854013, "Gb": 118.4748478035381, "Ib": 142.6204498478119, "kabs": 0.07067677494463351, "kmax": 0.0636615534036016, "kmin": 0.00967443711752782, "b": 0.8483053621325183, "f": 0.9, "d": 0.11680372024035025, "Vg": 1.9509740331567973, "Vi": 0.06886786595916897, "Gpb": 231.14135164690646, "Ipb": 9.82196602315549, "Vmx": 0.09068393418381038, "Km0": 226.9412828467271, "Vm0": 6.855297501342485, "r1": 0.7999617657244369, "r2": 3.492456152890463, "r3": 1.4648095246727997, "k1": 0.06687878543618649, "k2": 0.1816901536201203, "Fsnc": 1.0, "Gtb": 75.64858564161344, "p2u": 0.024286297640295218, "m1": 0.32997020822304846, "m30": 0.4949553123345727, "m4": 0.07739921148559586, "m2": 0.19349802871398966, "m5": 0.03605094950196309, "CL": 0.4214020556590943, "HEb": 0.6, "Ilb": 2.303882006573973, "ki": 0.02065739829023653, "kp1": 5.740631780367973, "kp2": 0.010035249297378956, "kp3": 0.004958762776016937, "ke1": 0.0005, "ke2": 339.0, "ksc": 0.07417370387601732, "kd": 0.016576383717394155, "ka1": 0.003237371693463104, "ka2": 0.015233997402015522, "dosekempt": 30000.0, "u2ss": 1.9005310635763712, "ueq": [0.0, 1.9005310635763712], "x0": [0.0, 0.0, 0.0, 231.14135164690646, 75.64858564161344, 9.82196602315549, 0.0, 142.6204498478119, 142.6204498478119, 2.303882006573973, 95.91978018134539, 104.3720200558598, 118.4748478035381, 46.90811697570085, 0.0, 5.258934182126886, 0.0, 0.0], "xeq": [0.0, 0.0, 0.0, 231.14135164690646, 75.64858564161344, 9.82196602315549, 0.0, 142.6204498478119, 142.6204498478119, 2.303882006573973, 95.91978018134539, 104.3720200558598, 118.4748478035381, 46.90811697570085, 0.0, 5.258934182126886, 0.0, 0.0], "isc1ss": 95.91978018134539, "isc2ss": 104.3720200558598, "Gnb": 46.90811697570085, "Gth": 118.4748478035381, "k01g": 0.11211138969511604, "alfaG": 0.5098247729472711, "kGSRs": 1.0165059659293862, "kGSRd": 0.596415372593717, "Ith": 142.6204498478119, "kXGn": 0.11082510253661004, "kcounter": 0.004897802853180826, "SQgluc_k1": 0.015857518591968413, "SQgluc_k2": 0.016488344952786463, "SQgluc_kc1": 0.18193491960164118, "SQgluc_Vgcn": 38.5, "CR": 19.703125, "CF": 79.90284875900544, "TDI": 17.0, "AGE": 2.0, "t1dm_dur": 1.0, "names": "child#006"}