{"BW": 54.49295247251932, "EGPb": 2.830844785081422, "Gb": 127.05174764526362, "Ib": 108.83795598964821, "kabs": 0.03833850711136111, "kmax": 0.04720427067172187, "kmin": 0.011782885064619423, "b": 0.8092092897026789, "f": 0.9, "d": 0.15305116498314567, "Vg": 1.8915467979068632, "Vi": 0.06638543916260936, "Gpb": 240.32432642686925, "Ipb": 7.225255505933546, "Vmx": 0.060910141203671865, "Km0": 205.98348348002634, "Vm0": 4.277251766552992, "r1": 0.7940631107220211, "r2": 3.5005609636268105, "r3": 1.4304040875117954, "k1": 0.0733371664267324, "k2": 0.1024549805004281, "Fsnc": 1.0, "Gtb": 154.15414908416537, "p2u": 0.05609347602413832, "m1": 0.18455128763529677, "m30": 0.2768269314529451, "m4": 0.08863497312223345, "m2": 0.22158743280558363, "m5": 0.041058466130988014, "CL": 0.8016010872733773, "HEb": 0.6, "Ilb": 3.470094063148688, "ki": 0.008036404807605185, "kp1": 7.193980330422288, "kp2": 0.00614747996208232, "kp3": 0.026514156187435436, "ke1": 0.0005, "ke2": 339.0, "ksc": 0.08783604093613795, "kd": 0.016115642799328964, "ka1": 0.003730242381226281, "ka2": 0.01601964033628924, "dosekempt": 30000.0, "u2ss": 1.6010258189242226, "ueq": [0.0, 1.6010258189242226], "x0": [0.0, 0.0, 0.0, 240.32432642686925, 154.15414908416537, 7.225255505933546, 0.0, 108.83795598964821, 108.83795598964821, 3.470094063148688, 80.67293569212464, 81.15639227195463, 127.05174764526362, 53.69939869479011, 0.0, 5.135492093601157, 0.0, 0.0], "xeq": [0.0, 0.0, 0.0, 240.32432642686925, 154.15414908416537, 7.225255505933546, 0.0, 108.83795598964821, 108.83795598964821, 3.470094063148688, 80.67293569212464, 81.15639227195463, 127.05174764526362, 53.69939869479011, 0.0, 5.135492093601157, 0.0, 0.0], "isc1ss": 80.67293569212464, "isc2ss": 81.15639227195463, "Gnb": 53.69939869479011, "Gth": 127.05174764526362, "k01g": 0.09563407074238617, "alfaG": 0.5149290803764781, "kGSRs": 0.35480520783187547, "kGSRd": 0.19479683235858422, "Ith": 108.83795598964821, "kXGn": 0.14183995890265744, "kcounter": 0.009002014614214448, "SQgluc_k1": 0.01610964383707773, "SQgluc_k2": 0.018904671687190962, "SQgluc_kc1": 0.12094134082556966, "SQgluc_Vgcn": 38.5, "CR": 25.9375, "CF": 60.97895887002665, "TDI": 31.0, "AGE": 19.0, "t1dm_dur": 11.0, "names": "adolescent#003"}