{"BW": 48.57819220142582, "EGPb": 3.13983244828317, "Gb": 132.98278891052215, "Ib": 134.53176553452195, "kabs": 0.07122250168936464, "kmax": 0.05095308011002985, "kmin": 0.013256267966571998, "b": 0.7518213382980694, "f": 0.9, "d": 0.10882816710397122, "Vg": 1.9160458306886887, "Vi": 0.043405931477529344, "Gpb": 254.80111824535996, "Ipb": 5.839476596342504, "Vmx": 0.04731824495494702, "Km0": 200.90171922326346, "Vm0": 6.070561734071879, "r1": 0.7925043838110124, "r2": 3.5179993648460908, "r3": 1.467068464616299, "k1": 0.06482000904841445, "k2": 0.13144958093176975, "Fsnc": 1.0, "Gtb": 109.36800437111616, "p2u": 0.017591765182173317, "m1": 0.11574831689971374, "m30": 0.17362247534957057, "m4": 0.17169411038902102, "m2": 0.4292352759725525, "m5": 0.011527835012101934, "CL": 0.905077640182797, "HEb": 0.6, "Ilb": 8.661929315267773, "ki": 0.003846472141439744, "kp1": 7.886044905778844, "kp2": 0.005164675984090886, "kp3": 0.025497675049051014, "ke1": 0.0005, "ke2": 339.0, "ksc": 0.0912706099984392, "kd": 0.019088087843121847, "ka1": 0.0032249229057356894, "ka2": 0.014379468633782568, "dosekempt": 30000.0, "u2ss": 2.506509348366336, "ueq": [0.0, 2.506509348366336], "x0": [0.0, 0.0, 0.0, 254.80111824535996, 109.36800437111616, 5.839476596342504, 0.0, 134.53176553452195, 134.53176553452195, 8.661929315267773, 112.33398202412795, 149.11823039181212, 132.98278891052215, 66.91228910786458, 0.0, 9.887792527491298, 0.0, 0.0], "xeq": [0.0, 0.0, 0.0, 254.80111824535996, 109.36800437111616, 5.839476596342504, 0.0, 134.53176553452195, 134.53176553452195, 8.661929315267773, 112.33398202412795, 149.11823039181212, 132.98278891052215, 66.91228910786458, 0.0, 9.887792527491298, 0.0, 0.0], "isc1ss": 112.33398202412795, "isc2ss": 149.11823039181212, "Gnb": 66.91228910786458, "Gth": 132.98278891052215, "k01g": 0.1477724444840302, "alfaG": 0.4658884441165708, "kGSRs": 0.26975057187132595, "kGSRd": 0.1675905466138277, "Ith": 134.53176553452195, "kXGn": 0.09258542730870935, "kcounter": 0.00896302105579488, "SQgluc_k1": 0.019687237945156026, "SQgluc_k2": 0.02610110817832176, "SQgluc_kc1": 0.15145971224173807, "SQgluc_Vgcn": 38.5, "CR": 25.9375, "CF": 47.00993927327739, "TDI": 41.0, "AGE": 19.0, "t1dm_dur": 15.0, "names": "adolescent#007"}