{"BW": 98.65616258518583, "EGPb": 1.9062356634910804, "Gb": 130.01531652616046, "Ib": 97.03874159491514, "kabs": 0.03563951690858652, "kmax": 0.06603909056287667, "kmin": 0.010103615389237167, "b": 0.6092541128183429, "f": 0.9, "d": 0.16907193435496917, "Vg": 1.8511054462410765, "Vi": 0.03486528429081178, "Gpb": 240.67206051633306, "Ipb": 3.3832833129293385, "Vmx": 0.057043610076013725, "Km0": 237.828794719049, "Vm0": 4.7329348444089, "r1": 0.8018312200759236, "r2": 3.5572490303158704, "r3": 1.4446805401525276, "k1": 0.05461906512227571, "k2": 0.21730331515348808, "Fsnc": 1.0, "Gtb": 56.32241401525779, "p2u": 0.04915967912311328, "m1": 0.14361142752187844, "m30": 0.21541714128281766, "m4": 0.12681905956043912, "m2": 0.31704764890109777, "m5": 0.019051445245514338, "CL": 1.090540921057954, "HEb": 0.6, "Ilb": 2.987678734039878, "ki": 0.011520714089293371, "kp1": 2.6620382642147913, "kp2": 0.0019341848423629709, "kp3": 0.0029915716601581245, "ke1": 0.0005, "ke2": 339.0, "ksc": 0.1356948891750344, "kd": 0.014845113101627509, "ka1": 0.004165885023368743, "ka2": 0.018120150582344688, "dosekempt": 30000.0, "u2ss": 1.0726620199305639, "ueq": [0.0, 1.0726620199305639], "x0": [0.0, 0.0, 0.0, 240.67206051633306, 56.32241401525779, 3.3832833129293385, 0.0, 97.03874159491514, 97.03874159491514, 2.987678734039878, 56.42323527033515, 46.22529516746874, 130.01531652616046, 60.72691786774849, 0.0, 9.226421769195811, 0.0, 0.0], "xeq": [0.0, 0.0, 0.0, 240.67206051633306, 56.32241401525779, 3.3832833129293385, 0.0, 97.03874159491514, 97.03874159491514, 2.987678734039878, 56.42323527033515, 46.22529516746874, 130.01531652616046, 60.72691786774849, 0.0, 9.226421769195811, 0.0, 0.0], "isc1ss": 56.42323527033515, "isc2ss": 46.22529516746874, "Gnb": 60.72691786774849, "Gth": 130.01531652616046, "k01g": 0.15193298282137713, "alfaG": 0.4480568678341653, "kGSRs": 0.8232761458451836, "kGSRd": 0.5279092173526654, "Ith": 97.03874159491514, "kXGn": 0.12131048421366075, "kcounter": 0.00435867890658625, "SQgluc_k1": 0.005256784486326233, "SQgluc_k2": 0.0443869295741537, "SQgluc_kc1": 0.13679126496797692, "SQgluc_Vgcn": 38.5, "CR": 8.79296875, "CF": 37.062201953746545, "TDI": 52.0, "AGE": 56.0, "t1dm_dur": 3.0, "names": "adult#008"}