{"BW": 67.48489098961078, "EGPb": 2.7733618037952783, "Gb": 119.38805995101613, "Ib": 92.9376806313957, "kabs": 0.04757051086653353, "kmax": 0.04770650144290464, "kmin": 0.01481930212539373, "b": 0.658062147890742, "f": 0.9, "d": 0.10706266794337808, "Vg": 2.1143088518720585, "Vi": 0.05064530533906441, "Gpb": 252.42323196226542, "Ipb": 4.706857213081487, "Vmx": 0.06972470196270096, "Km0": 223.21666306959253, "Vm0": 3.183584429514006, "r1": 0.8103583143386723, "r2": 3.5543089325604096, "r3": 1.4995449466801265, "k1": 0.06018090199765623, "k2": 0.04780151532881867, "Fsnc": 1.0, "Gtb": 280.6960383694819, "p2u": 0.048535519466311475, "m1": 0.1582088432487782, "m30": 0.23731326487316728, "m4": 0.11972047918602616, "m2": 0.2993011979650654, "m5": 0.014936785220799957, "CL": 1.0229495123422414, "HEb": 0.6, "Ilb": 3.5617933197591407, "ki": 0.008406618553782006, "kp1": 4.8226414362798735, "kp2": 0.005235402972230839, "kp3": 0.007830433131805472, "ke1": 0.0005, "ke2": 339.0, "ksc": 0.13148503699667952, "kd": 0.016699175418608325, "ka1": 0.003048341997289753, "ka2": 0.012974003243046811, "dosekempt": 30000.0, "u2ss": 1.4087680025257978, "ueq": [0.0, 1.4087680025257978], "x0": [0.0, 0.0, 0.0, 252.42323196226542, 280.6960383694819, 4.706857213081487, 0.0, 92.9376806313957, 92.9376806313957, 3.5617933197591407, 71.33899278861477, 91.82226429628572, 119.38805995101613, 44.71804932940897, 0.0, 5.258607130267415, 0.0, 0.0], "xeq": [0.0, 0.0, 0.0, 252.42323196226542, 280.6960383694819, 4.706857213081487, 0.0, 92.9376806313957, 92.9376806313957, 3.5617933197591407, 71.33899278861477, 91.82226429628572, 119.38805995101613, 44.71804932940897, 0.0, 5.258607130267415, 0.0, 0.0], "isc1ss": 71.33899278861477, "isc2ss": 91.82226429628572, "Gnb": 44.71804932940897, "Gth": 119.38805995101613, "k01g": 0.11759473432149634, "alfaG": 0.5010961787065291, "kGSRs": 0.20874659755137615, "kGSRd": 0.124848632102547, "Ith": 92.9376806313957, "kXGn": 0.11900335199135104, "kcounter": 0.00662185822845323, "SQgluc_k1": 0.01092352449386116, "SQgluc_k2": 0.01926522484523845, "SQgluc_kc1": 0.1649085661898993, "SQgluc_Vgcn": 38.5, "CR": 19.703125, "CF": 53.20390824492436, "TDI": 35.0, "AGE": 24.0, "t1dm_dur": 19.0, "names": "adult#004"}