{"BW": 79.79633519675409, "EGPb": 3.0528647411225904, "Gb": 122.02106597101364, "Ib": 105.73480071303712, "kabs": 0.16036769147999863, "kmax": 0.035381413559847, "kmin": 0.010202848731143981, "b": 0.701274961042918, "f": 0.9, "d": 0.12986300681419574, "Vg": 1.7757548737373445, "Vi": 0.0606850847005079, "Gpb": 216.67950259665352, "Ipb": 6.416525337061981, "Vmx": 0.12761935268742705, "Km0": 218.87787178467585, "Vm0": 7.228250981409147, "r1": 0.8142914869318265, "r2": 3.5895315775739567, "r3": 1.4491079119752106, "k1": 0.058827298411737367, "k2": 0.12317223878061893, "Fsnc": 1.0, "Gtb": 86.81992893613159, "p2u": 0.047020747250124825, "m1": 0.2021829022514519, "m30": 0.30327435337717784, "m4": 0.09560606599715471, "m2": 0.23901516499288677, "m5": 0.024217249794399244, "CL": 1.1574183547688008, "HEb": 0.6, "Ilb": 3.034177163431028, "ki": 0.009210353360151404, "kp1": 4.657614260842086, "kp2": 0.0033463069440601645, "kp3": 0.00831962031055635, "ke1": 0.0005, "ke2": 339.0, "ksc": 0.10746050657607595, "kd": 0.014947637580311035, "ka1": 0.002895277496428278, "ka2": 0.01521003455427612, "dosekempt": 30000.0, "u2ss": 1.5336468621189074, "ueq": [0.0, 1.5336468621189074], "x0": [0.0, 0.0, 0.0, 216.67950259665352, 86.81992893613159, 6.416525337061981, 0.0, 105.73480071303712, 105.73480071303712, 3.034177163431028, 85.95270758858379, 84.46988844738667, 122.02106597101364, 59.55023683581365, 0.0, 10.769673225207228, 0.0, 0.0], "xeq": [0.0, 0.0, 0.0, 216.67950259665352, 86.81992893613159, 6.416525337061981, 0.0, 105.73480071303712, 105.73480071303712, 3.034177163431028, 85.95270758858379, 84.46988844738667, 122.02106597101364, 59.55023683581365, 0.0, 10.769673225207228, 0.0, 0.0], "isc1ss": 85.95270758858379, "isc2ss": 84.46988844738667, "Gnb": 59.55023683581365, "Gth": 122.02106597101364, "k01g": 0.18085021651383798, "alfaG": 0.4436495107284183, "kGSRs": 0.19589180697123654, "kGSRd": 0.12717591273295062, "Ith": 105.73480071303712, "kXGn": 0.10527895795809772, "kcounter": 0.0039904756841634605, "SQgluc_k1": 0.017321825829928573, "SQgluc_k2": 0.02021308973516918, "SQgluc_kc1": 0.08307914812867488, "SQgluc_Vgcn": 38.5, "CR": 19.161161688950447, "CF": 43.853926120136016, "TDI": 42.0, "AGE": 32.0, "t1dm_dur": 21.0, "names": "adult#001"}