{"BW": 67.78366743009094, "EGPb": 2.357598143120867, "Gb": 113.56757990242257, "Ib": 104.42285313885617, "kabs": 0.15530658736947678, "kmax": 0.03763710604683749, "kmin": 0.022363470440784274, "b": 0.7123616230309285, "f": 0.9, "d": 0.1078334091758035, "Vg": 2.0227176690958144, "Vi": 0.02965497155308791, "Gpb": 229.71515050508083, "Ipb": 3.0966567393250566, "Vmx": 0.07088278875687493, "Km0": 211.38645613526577, "Vm0": 2.9847851142192603, "r1": 0.7937899718175319, "r2": 3.4345729223746604, "r3": 1.4037785409695984, "k1": 0.08400451916719345, "k2": 0.10171844326358767, "Fsnc": 1.0, "Gtb": 176.36440398513022, "p2u": 0.03773503115028718, "m1": 0.12366755491225823, "m30": 0.1855013323683873, "m4": 0.1802472634632765, "m2": 0.4506181586581912, "m5": 0.01935077293281095, "CL": 0.905797803000701, "HEb": 0.6, "Ilb": 4.513422324428343, "ki": 0.016165816273384634, "kp1": 4.297047178655792, "kp2": 0.005914071798020778, "kp3": 0.005562931148627788, "ke1": 0.0005, "ke2": 339.0, "ksc": 0.12116733723772474, "kd": 0.017237038919541425, "ka1": 0.004370938579194487, "ka2": 0.016564109847088008, "dosekempt": 30000.0, "u2ss": 1.3954097578711353, "ueq": [0.0, 1.3954097578711353], "x0": [0.0, 0.0, 0.0, 229.71515050508083, 176.36440398513022, 3.0966567393250566, 0.0, 104.42285313885617, 104.42285313885617, 4.513422324428343, 64.57845293261565, 67.2019997958998, 113.56757990242257, 66.8086660070926, 0.0, 10.830086497508917, 0.0, 0.0], "xeq": [0.0, 0.0, 0.0, 229.71515050508083, 176.36440398513022, 3.0966567393250566, 0.0, 104.42285313885617, 104.42285313885617, 4.513422324428343, 64.57845293261565, 67.2019997958998, 113.56757990242257, 66.8086660070926, 0.0, 10.830086497508917, 0.0, 0.0], "isc1ss": 64.57845293261565, "isc2ss": 67.2019997958998, "Gnb": 66.8086660070926, "Gth": 113.56757990242257, "k01g": 0.16210601325820762, "alfaG": 0.49577251892154056, "kGSRs": 0.2892574074882571, "kGSRd": 0.18409448333277653, "Ith": 104.42285313885617, "kXGn": 0.071696454832245, "kcounter": 0.009533256031155094, "SQgluc_k1": 0.02229696156918514, "SQgluc_k2": 0.02773390211737228, "SQgluc_kc1": 0.137958565551235, "SQgluc_Vgcn": 38.5, "CR": 19.76285988200909, "CF": 53.444613212795495, "TDI": 34.0, "AGE": 24.0, "t1dm_dur": 14.0, "names": "adult#009"}