{"BW": 46.063668472102904, "EGPb": 2.2024971263214153, "Gb": 115.05730896885453, "Ib": 114.34169289334822, "kabs": 0.22236996846784368, "kmax": 0.0343037999035231, "kmin": 0.019269542572486892, "b": 0.7527850969747244, "f": 0.9, "d": 0.12288293602294806, "Vg": 1.9080830199258816, "Vi": 0.051642252221688396, "Gpb": 219.53889756183716, "Ipb": 5.904862543853125, "Vmx": 0.1083922492930113, "Km0": 184.69059368725576, "Vm0": 2.4056122127480153, "r1": 0.7808546536768586, "r2": 3.3734397008176744, "r3": 1.3404788924869235, "k1": 0.09654857352592994, "k2": 0.10831057804209887, "Fsnc": 1.0, "Gtb": 184.59573042771456, "p2u": 0.06632220954264711, "m1": 0.13170530666860253, "m30": 0.19755796000290377, "m4": 0.1837112208618995, "m2": 0.45927805215474876, "m5": 0.015270300790906638, "CL": 1.092545136989222, "HEb": 0.6, "Ilb": 8.236490498310076, "ki": 0.023453356381023978, "kp1": 3.106313466594517, "kp2": 0.001755711470221058, "kp3": 0.004533511500023051, "ke1": 0.0005, "ke2": 339.0, "ksc": 0.09230071183650343, "kd": 0.014221209433699922, "ka1": 0.0036527422382687624, "ka2": 0.020457359004093824, "dosekempt": 30000.0, "u2ss": 2.711973767382398, "ueq": [0.0, 2.711973767382398], "x0": [0.0, 0.0, 0.0, 219.53889756183716, 184.59573042771456, 5.904862543853125, 0.0, 114.34169289334822, 114.34169289334822, 8.236490498310076, 151.7277106458515, 105.47556747470077, 115.05730896885453, 53.93152172057185, 0.0, 8.178538562471308, 0.0, 0.0], "xeq": [0.0, 0.0, 0.0, 219.53889756183716, 184.59573042771456, 5.904862543853125, 0.0, 114.34169289334822, 114.34169289334822, 8.236490498310076, 151.7277106458515, 105.47556747470077, 115.05730896885453, 53.93152172057185, 0.0, 8.178538562471308, 0.0, 0.0], "isc1ss": 151.7277106458515, "isc2ss": 105.47556747470077, "Gnb": 53.93152172057185, "Gth": 115.05730896885453, "k01g": 0.15164672350329128, "alfaG": 0.47573670328222406, "kGSRs": 0.803503330785992, "kGSRd": 0.5268054239847019, "Ith": 114.34169289334822, "kXGn": 0.1021184253200319, "kcounter": 0.007089198041905327, "SQgluc_k1": 0.005997079857613931, "SQgluc_k2": 0.013151400759252242, "SQgluc_kc1": 0.2272808842739692, "SQgluc_Vgcn": 38.5, "CR": 18.14453125, "CF": 42.60440744454484, "TDI": 43.0, "AGE": 47.0, "t1dm_dur": 3.0, "names": "adult#007"}