{"BW": 36.99118376137679, "EGPb": 2.934706229976869, "Gb": 121.31010650101297, "Ib": 103.5127000851733, "kabs": 0.038148182113327565, "kmax": 0.038440682264318814, "kmin": 0.011692266207449738, "b": 0.5347851328845826, "f": 0.9, "d": 0.1763338310457, "Vg": 1.904176398420854, "Vi": 0.03787406709722614, "Gpb": 230.9958416891491, "Ipb": 3.9204469484408992, "Vmx": 0.08160211243714996, "Km0": 199.97360083387755, "Vm0": 6.606534389044251, "r1": 0.8074665514535981, "r2": 3.547798582196544, "r3": 1.333509115980382, "k1": 0.05347959105307846, "k2": 0.12581118038125666, "Fsnc": 1.0, "Gtb": 82.81344223102671, "p2u": 0.02660538493007478, "m1": 0.06681216519014245, "m30": 0.10021824778521367, "m4": 0.10630482052661201, "m2": 0.26576205131653, "m5": 0.01723661701465584, "CL": 0.3723343814883583, "HEb": 0.6, "Ilb": 6.237822229709796, "ki": 0.00726263259394291, "kp1": 5.782197868256621, "kp2": 0.00955331654901769, "kp3": 0.006189725904061385, "ke1": 0.0005, "ke2": 339.0, "ksc": 0.17757286791321172, "kd": 0.01608694097149183, "ka1": 0.003381908947411294, "ka2": 0.014286557466441483, "dosekempt": 30000.0, "u2ss": 1.041906023095284, "ueq": [0.0, 1.041906023095284], "x0": [0.0, 0.0, 0.0, 230.9958416891491, 82.81344223102671, 3.9204469484408992, 0.0, 103.5127000851733, 103.5127000851733, 6.237822229709796, 53.516567616233644, 60.26069375085365, 121.31010650101297, 62.459291159965716, 0.0, 9.57711841448631, 0.0, 0.0], "xeq": [0.0, 0.0, 0.0, 230.9958416891491, 82.81344223102671, 3.9204469484408992, 0.0, 103.5127000851733, 103.5127000851733, 6.237822229709796, 53.516567616233644, 60.26069375085365, 121.31010650101297, 62.459291159965716, 0.0, 9.57711841448631, 0.0, 0.0], "isc1ss": 53.516567616233644, "isc2ss": 60.26069375085365, "Gnb": 62.459291159965716, "Gth": 121.31010650101297, "k01g": 0.15333376726863845, "alfaG": 0.47304354236131, "kGSRs": 0.8029240577401845, "kGSRd": 0.5184113258589479, "Ith": 103.5127000851733, "kXGn": 0.08894172499857791, "kcounter": 0.00909179293738616, "SQgluc_k1": 0.005437393893852106, "SQgluc_k2": 0.052520948305969456, "SQgluc_kc1": 0.09303430226519423, "SQgluc_Vgcn": 38.5, "CR": 27.49609375, "CF": 120.05896244364851, "TDI": 11.0, "AGE": 3.0, "t1dm_dur": 3.0, "names": "child#005"}