{"BW": 32.60504206899549, "EGPb": 3.3082229278963107, "Gb": 123.59797136895818, "Ib": 119.25286810804423, "kabs": 0.032783971350701956, "kmax": 0.08784988644227845, "kmin": 0.008031631803944424, "b": 0.5900130676137938, "f": 0.9, "d": 0.15417133897321098, "Vg": 2.0511527884401075, "Vi": 0.0419057961750061, "Gpb": 253.51832361897914, "Ipb": 4.997386384220587, "Vmx": 0.05003821052985798, "Km0": 211.5273650755664, "Vm0": 5.622097443601299, "r1": 0.7963680693407841, "r2": 3.4973892456914784, "r3": 1.463689391315356, "k1": 0.07062919350013512, "k2": 0.10586410804665579, "Fsnc": 1.0, "Gtb": 147.33578825360127, "p2u": 0.05215962608034137, "m1": 0.23331577510981144, "m30": 0.34997366266471713, "m4": 0.10172724576727407, "m2": 0.25431811441818514, "m5": 0.027003664962985927, "CL": 0.34748507532687695, "HEb": 0.6, "Ilb": 2.1788940446155824, "ki": 0.00730323377616907, "kp1": 6.3931006681735045, "kp2": 0.0037620060574447807, "kp3": 0.01787076742857467, "ke1": 0.0005, "ke2": 339.0, "ksc": 0.20486349956800165, "kd": 0.014034521107496962, "ka1": 0.0049344684089823905, "ka2": 0.025474442116587965, "dosekempt": 30000.0, "u2ss": 1.2709258822540916, "ueq": [0.0, 1.2709258822540916], "x0": [0.0, 0.0, 0.0, 253.51832361897914, 147.33578825360127, 4.997386384220587, 0.0, 119.25286810804423, 119.25286810804423, 2.1788940446155824, 67.00018897421879, 36.91211615396523, 123.59797136895818, 37.90419046870801, 0.0, 4.999521586988466, 0.0, 0.0], "xeq": [0.0, 0.0, 0.0, 253.51832361897914, 147.33578825360127, 4.997386384220587, 0.0, 119.25286810804423, 119.25286810804423, 2.1788940446155824, 67.00018897421879, 36.91211615396523, 123.59797136895818, 37.90419046870801, 0.0, 4.999521586988466, 0.0, 0.0], "isc1ss": 67.00018897421879, "isc2ss": 36.91211615396523, "Gnb": 37.90419046870801, "Gth": 123.59797136895818, "k01g": 0.1318989147417842, "alfaG": 0.498983181953787, "kGSRs": 1.0223403523090964, "kGSRd": 0.6568018357958921, "Ith": 119.25286810804423, "kXGn": 0.08859401047344445, "kcounter": 0.006319562734036202, "SQgluc_k1": 0.00855077943604353, "SQgluc_k2": 0.07548713339071038, "SQgluc_kc1": 0.1826094215507898, "SQgluc_Vgcn": 38.5, "CR": 32.171875, "CF": 120.21377857459748, "TDI": 12.0, "AGE": 12.0, "t1dm_dur": 1.0, "names": "child#002"}