{"BW": 28.858170562846865, "EGPb": 2.9308146027464677, "Gb": 122.74395699442543, "Ib": 79.8036842448895, "kabs": 0.20395375055921683, "kmax": 0.032172911206694126, "kmin": 0.010450412281993985, "b": 0.7006780182301156, "f": 0.9, "d": 0.1581571960118689, "Vg": 1.9061438636017818, "Vi": 0.03650001903372484, "Gpb": 233.96764041912505, "Ipb": 2.9128359938998334, "Vmx": 0.05765289007937543, "Km0": 247.40061663846757, "Vm0": 4.348201997012084, "r1": 0.8006828904663406, "r2": 3.5171359804298614, "r3": 1.4389051838568583, "k1": 0.10452747083206411, "k2": 0.1139919429503008, "Fsnc": 1.0, "Gtb": 197.60371236615586, "p2u": 0.03415319890315027, "m1": 0.12146583807191821, "m30": 0.1821987571078773, "m4": 0.14355563755277015, "m2": 0.35888909388192536, "m5": 0.011462355692925686, "CL": 0.37802641511029617, "HEb": 0.6, "Ilb": 3.4425648793808543, "ki": 0.003997265177289783, "kp1": 5.643764859530131, "kp2": 0.005753245776109752, "kp3": 0.01712799265760088, "ke1": 0.0005, "ke2": 339.0, "ksc": 0.09085812498617765, "kd": 0.015549761133752912, "ka1": 0.003981497492614022, "ka2": 0.018878269117164358, "dosekempt": 30000.0, "u2ss": 1.0453850704773686, "ueq": [0.0, 1.0453850704773686], "x0": [0.0, 0.0, 0.0, 233.96764041912505, 197.60371236615586, 2.9128359938998334, 0.0, 79.8036842448895, 79.8036842448895, 3.4425648793808543, 53.52369196863294, 44.08670201401522, 122.74395699442543, 38.28144258505328, 0.0, 4.705488023956017, 0.0, 0.0], "xeq": [0.0, 0.0, 0.0, 233.96764041912505, 197.60371236615586, 2.9128359938998334, 0.0, 79.8036842448895, 79.8036842448895, 3.4425648793808543, 53.52369196863294, 44.08670201401522, 122.74395699442543, 38.28144258505328, 0.0, 4.705488023956017, 0.0, 0.0], "isc1ss": 53.52369196863294, "isc2ss": 44.08670201401522, "Gnb": 38.28144258505328, "Gth": 122.74395699442543, "k01g": 0.12291825245355935, "alfaG": 0.5083052291811726, "kGSRs": 0.5977968245717795, "kGSRd": 0.3681592040654829, "Ith": 79.8036842448895, "kXGn": 0.10358407749272719, "kcounter": 0.00489932676703558, "SQgluc_k1": 0.013038811519171566, "SQgluc_k2": 0.027298345108918733, "SQgluc_kc1": 0.2421245298866105, "SQgluc_Vgcn": 38.5, "CR": 25.9375, "CF": 136.59977752375525, "TDI": 10.0, "AGE": 8.0, "t1dm_dur": 6.0, "names": "child#008"}