{"bg": [145.9, 145.89999999999986, 145.89999999999952, 145.899999999999, 145.8999999999984, 145.8999999999977, 145.90000184941022, 145.9000787895898, 145.90063472560473, 145.902670524362, 145.90795630225426, 145.91904252636695, 145.9389718925101, 145.9710023349864, 146.01840145956697, 146.08429718389075, 146.1715724380139, 146.28279404970982, 146.42016822738944, 146.5855162220117, 146.7802652303443, 147.0054505223546, 147.26172561116795, 147.54937796051206, 147.8683482871806, 148.21825173039227, 148.5983892841166, 149.007765763981, 149.4451319153345, 149.90900817243232, 150.3977066703883, 150.90935355283162, 151.44191191000337, 151.99320568873054, 152.56094482959014, 153.1427517169249, 153.7361888003111, 154.33878700151178, 154.9480743041272, 155.5616037736079, 156.17698019723187, 156.79188457137772, 157.40409578289788, 158.01150900639797, 158.6121505393212, 159.20418899418664, 159.7859429414036, 160.3558852345231, 160.91264434809517, 161.455003117869, 161.98189529898957], "cho": [0, 0, 0, 0, 0, 0, 20, 0, 0, 0, 0, 0, 0, 0, 0, 0, 0, 0, 0, 0, 0, 0, 0, 0, 0, 0, 0, 0, 0, 0, 0, 0, 0, 0, 0, 0, 0, 0, 0, 0, 0, 0, 0, 0, 0, 0, 0, 0, 0, 0, 0], "insulin": [0, 0.0107966168000268, 0.0107966168000268, 0.0107966168000268, 0.0107966168000268, 0.0107966168000268, 0.8803618341913311, 0.0107966168000268, 0.0107966168000268, 0.0107966168000268, 0.0107966168000268, 0.0107966168000268, 0.0107966168000268, 0.0107966168000268, 0.0107966168000268, 0.0107966168000268, 0.0107966168000268, 0.0107966168000268, 0.0107966168000268, 0.0107966168000268, 0.0107966168000268, 0.0107966168000268, 0.0107966168000268, 0.0107966168000268, 0.0107966168000268, 0.0107966168000268, 0.0107966168000268, 0.0107966168000268, 0.0107966168000268, 0.0107966168000268, 0.0107966168000268, 0.0107966168000268, 0.0107966168000268, 0.0107966168000268, 0.0107966168000268, 0.0107966168000268, 0.0107966168000268, 0.0107966168000268, 0.0107966168000268, 0.0107966168000268, 0.0107966168000268, 0.0107966168000268, 0.0107966168000268, 0.0107966168000268, 0.0107966168000268, 0.0107966168000268, 0.0107966168000268, 0.0107966168000268, 0.0107966168000268, 0.0107966168000268, 0.0107966168000268], "t": [0, 1, 2, 3, 4, 5, 6, 7, 8, 9, 10, 11, 12, 13, 14, 15, 16, 17, 18, 19, 20, 21, 22, 23, 24, 25, 26, 27, 28, 29, 30, 31, 32, 33, 34, 35, 36, 37, 38, 39, 40, 41, 42, 43, 44, 45, 46, 47, 48, 49, 50]}